found,score,title,company,location,remote,source,url,why
2026-10-10,95,Senior SAP Commerce Cloud/Hybris Developer (all genders),Maify GmbH,"Sauldorf, Baden-Wuerttemberg",True,Arbeitsagentur,https://www.arbeitsagentur.de/jobsuche/jobdetail/10001-1003747124-S,"Exact SAP Commerce Cloud developer role, remote and no German fluency required."
2026-10-10,95,Senior SAP CX Consultant (all genders),adesso SE,"Stuttgart, Baden-Württemberg, Germany",False,Linkedin,https://www.linkedin.com/jobs/view/3733041021,Senior SAP CX Consultant matches core SAP Commerce expertise.
2026-10-10,92,SAP CX Berater (m/w/d) - SAP CX Consultant,Ratbacher GmbH,"München, Bayern",False,Arbeitsagentur,https://www.arbeitsagentur.de/jobsuche/jobdetail/11112-46582-1797606-0-S,Direct SAP CX consultant role is a perfect match for her core expertise.
2026-10-10,92,SAP CX Consultant (m/w/d) | 100% Remote/ Hybrid,K4S GmbH,"Saarbrücken, Saarland",False,Arbeitsagentur,https://www.arbeitsagentur.de/jobsuche/jobdetail/12288-4957128169-S,Remote SAP CX consultant aligns exactly with her SAP Commerce background.
2026-10-10,92,Senior Consultant | SAP CX (all genders),cronos Unternehmensberatung GmbH,"Münster, Westfalen, Nordrhein-Westfalen",True,Arbeitsagentur,https://www.arbeitsagentur.de/jobsuche/jobdetail/10001-1003808902-S,Senior SAP CX consultant (remote) is an ideal fit for her experience.
2026-10-10,92,Consultant SAP CX (m/w/d),Telekom MMS,"Dresden, Saxony, Germany",False,Linkedin,https://www.linkedin.com/jobs/view/4385054721,SAP CX consulting role aligns directly with candidate’s Hybris background.
2026-10-10,85,Developer SAP Commerce (m/w/d),CANCOM SE,"Augsburg, Bayern, Bayern",False,Arbeitsagentur,https://www.arbeitsagentur.de/jobsuche/jobdetail/18935-2115497-S,"SAP Commerce developer position in Germany; German language likely required, so -10."
2026-10-10,85,Consultant SAP CX (m/w/d),Deutsche Telekom MMS GmbH,"München, Bayern",False,Arbeitsagentur,https://www.arbeitsagentur.de/jobsuche/jobdetail/20478-2203624-S,"SAP CX consultant role in Germany; German language likely required, so -10."
2026-10-10,85,SAP Commerce Cloud (Hybris) Developer (all genders),adesso SE,"Hannover, Lower Saxony, Germany",False,Linkedin,https://www.linkedin.com/jobs/view/3801197042,"SAP Commerce Cloud developer in Germany; German language likely required, -10."
2026-10-10,85,Product Owner – SAP Commerce Cloud (m/w/d) - Jobbird.com,Jobster,"Coblenz, Rhineland-Palatinate, Germany",False,Linkedin,https://www.linkedin.com/jobs/view/4475945120,"Product Owner for SAP Commerce Cloud in Germany; German likely required, -10."
2026-10-10,85,Java Softwareentwickler / Developer (m/w/d) für SAP E-Commerce (m/w/d),INNOVATE Software GmbH,"Wildberg, Württemberg, Baden-Wuerttemberg",False,Arbeitsagentur,https://www.arbeitsagentur.de/jobsuche/jobdetail/10001-1003338470-S,"Java developer for SAP e‑commerce in Germany; German likely required, -10."
2026-10-10,85,(Senior) Softwareentwickler / Developer (m/w/d) für SAP E-Commerce (Java/ABAP) (m/w/d),INNOVATE Software GmbH,"Wildberg, Württemberg, Baden-Wuerttemberg",False,Arbeitsagentur,https://www.arbeitsagentur.de/jobsuche/jobdetail/10001-1003338525-S,"Senior Java/ABAP developer for SAP e‑commerce in Germany; German likely required, -10."
2026-10-10,85,Backend Developer Onlineshop & dm-App - Java / Kotlin (w/m/d),dmTECH GmbH,"Karlsruhe, Baden, Baden-Wuerttemberg",False,Arbeitsagentur,https://www.arbeitsagentur.de/jobsuche/jobdetail/12787-270206081026-S,"Java/Kotlin backend developer for dm‑shop, perfect match with Java e‑commerce experience"
2026-10-10,82,Developer - Salesforce B2C Commerce (all genders),adesso SE,"Karlsruhe, Baden-Württemberg, Germany",False,Linkedin,https://www.linkedin.com/jobs/view/4380444640,Salesforce B2C Commerce developer aligns with her target adjacent platform.
2026-10-10,82,Developer Salesforce B2B Commerce & OMS (all genders),adesso SE,"Münster, North Rhine-Westphalia, Germany",False,Linkedin,https://www.linkedin.com/jobs/view/3733041255,Salesforce B2B Commerce & OMS developer is a relevant adjacent role.
2026-10-10,82,Product Owner - E-Commerce / Conversion / KPI (m/w/d),Workwise GmbH,"Karlsruhe, Baden, Baden-Wuerttemberg",False,Arbeitsagentur,https://www.arbeitsagentur.de/jobsuche/jobdetail/12288-4958515978-S,E‑commerce product owner role matches her technical background and location
2026-10-10,80,Sap Commerce Cloud Consultant - €35.000 - €45.000 A Year,"Findmore Consulting, S.A.","Braga, Braga, Portugal",False,Linkedin,https://www.linkedin.com/jobs/view/4477697492,SAP Commerce Cloud consultant in Portugal (outside Germany) – -15 for location.
2026-10-10,80,Sap Commerce Cloud Consultant,"Findmore Consulting, S.A.","Lisbon, Lisbon, Portugal",False,Linkedin,https://www.linkedin.com/jobs/view/4477190076,SAP Commerce Cloud consultant in Portugal – -15 for location.
2026-10-10,80,Senior SAP Composable Storefront (Spartacus) Consultant,Senovo IT Ltd,Spain,False,Linkedin,https://www.linkedin.com/jobs/view/4475790280,Senior Spartacus consultant (SAP Composable Storefront) in Spain – -15 for location.
2026-10-10,80,Frontend Engineer - SAP Commerce Cloud,dormakaba,"Sofia, Sofia City, Bulgaria",False,Linkedin,https://www.linkedin.com/jobs/view/4457486010,Frontend engineer for SAP Commerce Cloud in Bulgaria – -15 for location.
2026-10-10,80,Softwareentwickler Salesforce (m/w/d),Bruno Bader GmbH + Co. KG,"Pforzheim, BW, Germany",False,Indeed,https://de.indeed.com/viewjob?jk=04c94bad5e75d79b,Salesforce development is an adjacent platform the candidate is open to.
2026-10-10,80,Business Analyst Digitale Plattformen & E-Commerce (m/w/d),PS Direkt GmbH   Co. KG,"Köln, Nordrhein-Westfalen",False,Arbeitsagentur,https://www.arbeitsagentur.de/jobsuche/jobdetail/10001-1003671869-S,E‑commerce business analyst role matches her analytical and platform experience.
2026-10-10,80,IT Business Analyst (m/w/d)  Digitale Plattformlösungen & E-Commerce,PS Direkt GmbH   Co. KG,"Köln, Nordrhein-Westfalen",False,Arbeitsagentur,https://www.arbeitsagentur.de/jobsuche/jobdetail/12206-13726020-S,IT business analyst for digital platforms aligns with her e‑commerce background.
2026-10-10,80,Lead Backend Engineer E-Commerce [m/w/d] - Hamburg / Berlin,Die Tech Recruiter GmbH,"Hamburg, Hamburg",False,Arbeitsagentur,https://www.arbeitsagentur.de/jobsuche/jobdetail/10001-1003580959-S,"Lead backend engineer for e‑commerce, Java‑centric and senior level"
2026-10-10,80,Solution Architect - E-Commerce / Shopify / Cloud (m/w/d),Workwise GmbH,"Frankfurt am Main, Hessen",False,Arbeitsagentur,https://www.arbeitsagentur.de/jobsuche/jobdetail/12288-4950466045-S,"Solution architect for Shopify/Cloud matches senior e‑commerce architecture experience, though on a different platform."
2026-10-10,78,Product Owner Shops & Punchout (m/w/d),Noerr Solutions GmbH Co. KG,"Würzburg, Bayern",True,Arbeitsagentur,https://www.arbeitsagentur.de/jobsuche/jobdetail/10001-1003629050-S,"Product Owner for shops & punchout, aligns with e‑commerce product ownership experience."
2026-10-10,78,Senior Full Stack Developer (m/f/d) E-Commerce,BIRKENSTOCK,"Munich, Bavaria, Germany",False,Linkedin,https://www.linkedin.com/jobs/view/4432570494,Senior full‑stack e‑commerce developer fits her Java/backend experience.
2026-10-10,78,(Senior) Consultant & Project Manager (m/w/d),foobar Agency,"München, BY, Germany",False,Indeed,https://de.indeed.com/viewjob?jk=84e7852861b5f0cf,Consultant & Project Manager in commerce fits the 75‑89 band for functional/technical consulting.
2026-10-10,78,Software Developer PHP (m/w/d) – E-Commerce & Spryker,Detlev Louis,"Hamburg, Hamburg",True,Arbeitsagentur,https://www.arbeitsagentur.de/jobsuche/jobdetail/13644-302721-S,Spryker PHP developer matches adjacent e‑commerce platform category.
2026-10-10,78,"Software Developer PHP (m/w/d) - E-Commerce & Spryker in Hamburg, Hamburg Zentrale",Detlev Louis,"Hamburg, Hamburg",False,Arbeitsagentur,https://www.arbeitsagentur.de/jobsuche/jobdetail/12811-2023692-S,Spryker PHP developer (on‑site) still fits the adjacent platform category.
2026-10-10,78,Projektmanager E-Commerce (m/w/d),eBakery,"Frankfurt am Main, HE, Germany",False,Indeed,https://de.indeed.com/viewjob?jk=1369822fed6f897e,E‑commerce project manager aligns with business‑analysis/functional consultant tier.
2026-10-10,78,E-Business Application & Integration Specialist (m/w/d),CEMO GmbH,"Weinstadt, Baden-Wuerttemberg",False,Arbeitsagentur,https://www.arbeitsagentur.de/jobsuche/jobdetail/17043-0066858160-S,Integration specialist role leverages her SAP Commerce integration work.
2026-10-10,78,Software Engineer - Integration (m/w/d),Bayard,"Köln, NW, Germany",False,Indeed,https://de.indeed.com/viewjob?jk=55dfa4d949c17778,Integration engineer role aligns with candidate’s PIM and data‑pipeline experience
2026-10-10,75,Senior Produktmanager Menswear E-Commerce (m/w/d),Ernsting's family,"Münster, North Rhine-Westphalia, Germany",False,Linkedin,https://www.linkedin.com/jobs/view/4475253838,Senior e‑commerce product manager fits her background and is within Germany
2026-10-10,73,AI Product Engineer (m/w/d),Bayard,"Köln, NW, Germany",False,Indeed,https://de.indeed.com/viewjob?jk=154bb927a5fcb03c,PIM‑focused AI engineering is adjacent to her integration experience but less core to SAP Commerce
2026-10-10,70,Infra / DevOps Lead - eCommerce (m/w/d),CGI,"Düsseldorf, North Rhine-Westphalia, Germany",False,Linkedin,https://www.linkedin.com/jobs/view/4477870309,"DevOps lead for e‑commerce (non‑SAP) in Germany; German required, -10."
2026-10-10,70,Senior Architect (m/w/d) - PIM / MDM,Hiveway GmbH,"Heidelberg, BW, Germany",False,Indeed,https://de.indeed.com/viewjob?jk=9a5f12999531930d,Senior PIM/MDM architect leverages candidate’s integration experience with product data.
2026-10-10,70,Projektmanager PIM & DAM (m/w/d),netcare Business Solutions Gmb H GmbH,"Neustetten, Württemberg, Baden-Wuerttemberg",False,Arbeitsagentur,https://www.arbeitsagentur.de/jobsuche/jobdetail/10001-1003780670-S,PIM/DAM project manager – aligns with candidate’s PIM integration experience.
2026-10-10,70,Mitarbeiter Digital Commerce & Customer Experience (m/w/d),Reico & Partner Vertriebs GmbH,"Oberostendorf, Bavaria, Germany",False,Linkedin,https://www.linkedin.com/jobs/view/4475260451,"Digital Commerce & Customer Experience role matches SAP CX experience, though more functional."
2026-10-10,70,"Senior Software Engineer (m/w/d) PHP und Shopware, Berlin, hybrid",iT-Recs,"Berlin, Berlin",False,Arbeitsagentur,https://www.arbeitsagentur.de/jobsuche/jobdetail/12288-4932801536-S,Senior PHP/Shopware engineer – senior technical e‑commerce developer role.
2026-10-10,70,Senior E-Commerce Consultant (m/w/d),Instaffo,"Frankfurt, Hesse, Germany",False,Linkedin,https://www.linkedin.com/jobs/view/4459647609,Senior e‑commerce consultant aligns with her functional and technical experience.
2026-10-10,70,Consultant E-Commerce (w/m/d),Bechtle AG,"Neckarsulm, Baden-Wuerttemberg",False,Arbeitsagentur,https://www.arbeitsagentur.de/jobsuche/jobdetail/15086-44389846-819-S,"E‑Commerce consultant at Bechtle matches her SAP/Java background, but German fluency is expected."
2026-10-10,70,Solution Consultant (m/w/d) - PIM / MDM,Hiveway GmbH,"Heidelberg, BW, Germany",False,Indeed,https://de.indeed.com/viewjob?jk=5eeb86a96359cdbb,"PIM/MDM solution consulting aligns with her data‑integration work, though German fluency is needed."
2026-10-10,70,Full-Stack-Developer im E-Commerce-Umfeld (m/w/d),Kugellager-Express GmbH,"Schloß Holte-Stukenbrock, Nordrhein-Westfalen",False,Arbeitsagentur,https://www.arbeitsagentur.de/jobsuche/jobdetail/10001-1003753942-S,Full‑stack e‑commerce developer in Germany – broader tech stack matches some skills
2026-10-10,70,Senior Software-Entwickler Magento E-Commerce (m/w/d),MACS HOLDING GmbH,"Feuchtwangen, Bayern",False,Arbeitsagentur,https://www.arbeitsagentur.de/jobsuche/jobdetail/10001-1002475010-S,"Senior Magento e‑commerce developer – senior technical role, PHP‑centric"
2026-10-10,70,(Senior) Software-Architekt (m/w/d),Schäfer Shop Group GmbH & Co. KG,"Home Office, Germany",True,Indeed,https://de.indeed.com/viewjob?jk=31b24d06868f3fb0,"Senior software architect – high‑level tech role, could involve Java/e‑commerce, no German mandate."
2026-10-10,70,Senior Frontend Product Owner Omnichannel Platform (m/w/d),Deichmann,"Essen, NW, Germany",False,Indeed,https://de.indeed.com/viewjob?jk=790f7a5f2ffc0cc2,Frontend‑centric omnichannel product owner aligns partially with her e‑commerce experience
2026-10-10,70,"Kundenprojektleiter IT – ERP, CRM & E-Commerce (m/w/d)",QUIS AG,"Ehrenfriedersdorf, Sachsen",False,Arbeitsagentur,https://www.arbeitsagentur.de/jobsuche/jobdetail/10001-1003819394-S,Customer project lead covering ERP/CRM/e‑commerce aligns well with her integration work
2026-10-10,70,Digital Product Manager (m/f/d) Webshop & Digital Tools,Ensinger LTD,"Nufringen, BW, Germany",False,Indeed,https://de.indeed.com/viewjob?jk=7dc6224000c76197,"Webshop product manager role matches e‑commerce experience, though not SAP‑specific"
2026-10-10,68,Senior SAP Product Manager (all genders),ABOUT YOU SE & Co. KG,"Hamburg, HH, Germany",False,Indeed,https://de.indeed.com/viewjob?jk=7ed0e515f8ab4654,"Senior SAP product manager, relevant SAP background but not a pure development role."
2026-10-10,68,E-Commerce Manager:in (w/m/d) | Vollzeit,Resorti GmbH & Co.KG,"Coesfeld, North Rhine-Westphalia, Germany",False,Linkedin,https://www.linkedin.com/jobs/view/4475771885,E‑commerce manager is a business‑focused role related to her domain.
2026-10-10,68,Business Analyst Media Assets (m/w/d),Bayard,"Köln, NW, Germany",False,Indeed,https://de.indeed.com/viewjob?jk=bed693216eda8783,PIM‑focused business analyst uses her experience with Profisee and data pipelines.
2026-10-10,68,(Senior) Consultant E-Commerce (m/w/d),Lekkerland SE,"Frechen, Nordrhein-Westfalen",True,Arbeitsagentur,https://www.arbeitsagentur.de/jobsuche/jobdetail/12951-be3921bd-ad60-4992--S,"Senior e‑commerce consultant aligns with her expertise and is remote, yet German fluency is required."
2026-10-10,68,Senior Product Owner Mobile App (m/w/d),Deichmann,"Essen, NW, Germany",False,Indeed,https://de.indeed.com/viewjob?jk=75b145edf216f2f8,Mobile‑app product owner is relevant but not a direct fit for her SAP Commerce specialization
2026-10-10,68,SAP CPQ Expert Consultant Sto Group (w/m/d),Sto SE & Co. KGaA,"Stühlingen, Baden-Wuerttemberg",True,Arbeitsagentur,https://www.arbeitsagentur.de/jobsuche/jobdetail/16989-0002d103def001-S,"Senior SAP CPQ expert role matches SAP‑CX experience; remote work mitigates location, but German may be required."
2026-10-10,67,Développeur Senior Salesforce Commerce Cloud - F/H,Niji,"Issy-les-Moulineaux, Île-de-France, France",False,Linkedin,https://www.linkedin.com/jobs/view/4466267937,Salesforce Commerce Cloud developer matches her skills but is outside Germany (‑15).
2026-10-10,65,Manager Assortment Allocation (m/w/d) – Vollzeit in Coesfeld-Lette (bei Münster),Ernsting's family,"Münster, NW, Germany",False,Indeed,https://de.indeed.com/viewjob?jk=12e4856518e0f67d,"Assortment allocation involves e‑commerce analytics, matching her analytical skills."
2026-10-10,65,Product Owner Digital Commerce,HEINEKEN Global Shared Services,"Cracow, Małopolskie, Poland",False,Linkedin,https://www.linkedin.com/jobs/view/4466895965,Product Owner digital commerce aligns with her interests; location abroad reduces score (‑15).
2026-10-10,65,Salesforce B2B Commerce Developer,Next Engineering,"Porto, Portugal",False,Linkedin,https://www.linkedin.com/jobs/view/4474828230,"Salesforce B2B Commerce developer aligns with adjacent platform experience, reduced for overseas location."
2026-10-10,65,Magento Entwickler:in (m/w/d),clicks digital GmbH,"Dresden, Sachsen",False,Arbeitsagentur,https://www.arbeitsagentur.de/jobsuche/jobdetail/10000-1204965130-S,"Magento developer – e‑commerce backend work, though on a PHP stack."
2026-10-10,65,Shopware Webentwickler (m/w/d),Tarox AG,"Lünen, Nordrhein-Westfalen",True,Arbeitsagentur,https://www.arbeitsagentur.de/jobsuche/jobdetail/12688-REG-42196-RJA-S,Shopware web‑developer position in Germany – technical e‑commerce work but not SAP Commerce.
2026-10-10,65,Shopware Developer (m/w/d),L. Stroetmann Unternehmensgruppe,"Münster, Westfalen, Nordrhein-Westfalen",True,Arbeitsagentur,https://www.arbeitsagentur.de/jobsuche/jobdetail/10001-1003787924-S,Shopware developer role in Germany – fits technical e‑commerce developer category.
2026-10-10,65,Shopware Developer (m/w/d),VI-ARISE,"Ludwigsburg, Württemberg, Baden-Wuerttemberg",False,Arbeitsagentur,https://www.arbeitsagentur.de/jobsuche/jobdetail/13644-64785-S,Shopware developer in Baden‑Württemberg – relevant technical e‑commerce development.
2026-10-10,65,Shopware Entwickler:in (m/w/d),clicks digital GmbH,"Dresden, Sachsen",False,Arbeitsagentur,https://www.arbeitsagentur.de/jobsuche/jobdetail/10000-1204965148-S,Shopware developer in Dresden – matches technical e‑commerce developer tier.
2026-10-10,65,Software-Entwickler Shopware (m/w/d),empasa GmbH,"Ansbach, Mittelfranken, Bayern",False,Arbeitsagentur,https://www.arbeitsagentur.de/jobsuche/jobdetail/10000-1206302371-S,Shopware software‑engineer in Ansbach – technical e‑commerce development.
2026-10-10,65,Web-/ShopWare-Entwickler (m/w/d),Hermedia Verlag GmbH,"Riedenburg, Altmühltal, Bayern",True,Arbeitsagentur,https://www.arbeitsagentur.de/jobsuche/jobdetail/10000-1205867190-S,Web/Shopware developer (remote) – fits technical e‑commerce developer level.
2026-10-10,65,"Shopware Webentwickler (m/w/d), Lünen",TAROX AG,"Lünen, Nordrhein-Westfalen",False,Arbeitsagentur,https://www.arbeitsagentur.de/jobsuche/jobdetail/12811-2285686-S,Shopware web‑developer in Lünen – technical e‑commerce development role.
2026-10-10,65,"Developer (m/w/d) Shopware, Zentrale",Bartels-Langness Handelsgesellschaft mbH & Co. KG,"Kiel, Schleswig-Holstein",False,Arbeitsagentur,https://www.arbeitsagentur.de/jobsuche/jobdetail/12811-2311599-S,Shopware developer at central office – technical e‑commerce development.
2026-10-10,65,Systembetreuer/Programmierer: Shopware-6 und myfactory (m/w/d),FAHMODA GmbH Akademie für Mode & Design,"Hannover, Niedersachsen",False,Arbeitsagentur,https://www.arbeitsagentur.de/jobsuche/jobdetail/10000-1207111418-S,Shopware‑6 and myfactory programmer – technical e‑commerce system development.
2026-10-10,65,Shopware 6 Full-Stack Entwickler (m/w/d),Provitex GmbH,"Reutlingen, Baden-Wuerttemberg",True,Arbeitsagentur,https://www.arbeitsagentur.de/jobsuche/jobdetail/10001-1003348137-S,Shopware 6 full‑stack developer (remote) – technical e‑commerce development.
2026-10-10,65,Softwareentwickler / ERP Developer & Consultant (m/w/d),Burchard GmbH,"Lemgo, Nordrhein-Westfalen",False,Arbeitsagentur,https://www.arbeitsagentur.de/jobsuche/jobdetail/10000-1207617768-S,ERP‑focused developer role with Shopware touches on integration experience the candidate has.
2026-10-10,65,Full Stack Entwickler gesucht,Franz Adriano,"Saarbrücken, Saarland",True,Arbeitsagentur,https://www.arbeitsagentur.de/jobsuche/jobdetail/10001-1003381631-S,"Full‑stack developer role could involve Java backend for e‑commerce, fitting the broader technical category."
2026-10-10,65,CRM Business Analyst (m/w/d),Deichmann SE,"Essen, Ruhr, Nordrhein-Westfalen",False,Arbeitsagentur,https://www.arbeitsagentur.de/jobsuche/jobdetail/14774-BB-563663-12683-255-S,CRM focus is adjacent but not core to her SAP Commerce expertise.
2026-10-10,65,E-Commerce Programmierer (m/w/d) Magento 2.x,Tabris UG (haftungsbeschränkt),"Berlin, Berlin",False,Arbeitsagentur,https://www.arbeitsagentur.de/jobsuche/jobdetail/10000-1205622575-S,Magento 2 developer role in Berlin – technical e‑commerce but PHP‑centric
2026-10-10,65,IT-Projektmanager (m/w/d) E-Commerce - Street One und CECIL in Isernhagen,CBR Service GmbH,"Isernhagen, Niedersachsen",False,Arbeitsagentur,https://www.arbeitsagentur.de/jobsuche/jobdetail/10001-1003833838-S,IT‑project manager for e‑commerce matches her technical background
2026-10-10,65,Consultant / Senior Architect / Senior Business Consultant (m/w/d) - PIM / MDM,Hiveway,"Heidelberg, Baden-Württemberg, Germany",False,Linkedin,https://www.linkedin.com/jobs/view/4476811880,Senior consultant/architect for PIM/MDM leverages PIM integration background and technical consulting skills.
2026-10-10,65,Product Manager Kundenportal E-Commerce (m/w/d),Liebherr-International Deutschland GmbH,"Biberach an der Riß, Baden-Wuerttemberg",True,Arbeitsagentur,https://www.arbeitsagentur.de/jobsuche/jobdetail/14005-44399132-824-S,"Product manager for a customer portal, aligns with functional/technical consulting."
2026-10-10,65,Senior Business Consultant (m/w/d) - PIM / MDM,Hiveway GmbH,"Heidelberg, BW, Germany",False,Indeed,https://de.indeed.com/viewjob?jk=c03633ab591ce0ee,"Senior PIM/MDM consulting fits candidate's MDM integration work, though German fluency is expected."
2026-10-10,63,"Full Stack Developer (m/f/d) Webshop Team, Bucharest (Romania)",Tchibo,Bucharest Metropolitan Area,False,Linkedin,https://www.linkedin.com/jobs/view/4446318199,Full‑stack webshop developer fits her background but location outside Germany (‑15).
2026-10-10,63,Salesforce B2B Commerce Technical Architect,Next Engineering,"Porto, Portugal",False,Linkedin,https://www.linkedin.com/jobs/view/4474814827,"Technical architect for Salesforce B2B Commerce fits adjacent skill set, reduced for non‑German location."
2026-10-10,63,Product Manager - Ecommerce Categories (f/m/d),Decathlon Digital,"Paris, Île-de-France, France",False,Linkedin,https://www.linkedin.com/jobs/view/4477861473,E‑commerce product manager role fits but location outside Germany reduces score
2026-10-10,63,Product Manager - eCommerce,Materialise,"Leuven, Flemish Region, Belgium",False,Linkedin,https://www.linkedin.com/jobs/view/4458626377,E‑commerce product manager role fits but location outside Germany reduces score
2026-10-10,63,Senior Product Manager E-Commerce - VacanceSelect Travel - Breda,VacanceSelect Travel,"Breda, North Brabant, Netherlands",False,Linkedin,https://www.linkedin.com/jobs/view/4474710866,Senior e‑commerce product manager fits but is outside Germany
2026-10-10,63,Solution Architect – Digital & E-commerce,Toyota Motor Europe,"Evere, Brussels Region, Belgium",False,Linkedin,https://www.linkedin.com/jobs/view/4430380849,"Solution architect for digital e‑commerce at Toyota is a senior technical role but located outside Germany, reducing fit."
2026-10-10,62,Global E-Business Operations Manager (m/w/d),Innomotics GmbH,"Nürnberg, Mittelfranken, Bayern",False,Arbeitsagentur,https://www.arbeitsagentur.de/jobsuche/jobdetail/18847-44470704-928-S,"Global e‑business operations manager, broader scope but still e‑commerce related."
2026-10-10,60,Senior IT Manager Digital Platforms & Enterprise Applications (m/w/d),Severin H.,"Sundern, NW, Germany",False,Indeed,https://de.indeed.com/viewjob?jk=32068315169fd3f2,"Senior IT manager for digital platforms – generic IT, not SAP‑specific, with German language requirement."
2026-10-10,60,"Teamleiter (m/w/d) Produktmanagement, E-Commerce",CHECK24,"Frankfurt, Hesse, Germany",False,Linkedin,https://www.linkedin.com/jobs/view/4468397682,"Product‑management team lead is a business‑oriented role, moderately relevant."
2026-10-10,60,Mitarbeiter E-Commerce & Onlineshop (m/w/d),Kracht GmbH & Co. KG,"Lemgo, Nordrhein-Westfalen",False,Arbeitsagentur,https://www.arbeitsagentur.de/jobsuche/jobdetail/10001-1003594490-S,Shop‑operation role involves technical shop management (Shopware) but not core SAP Commerce development.
2026-10-10,60,Mitarbeiter-In (m/w/d) im E-Commerce & Marketing (Schwerpunkt Shopware),MHW Bike-House GmbH,"Schwäbisch Hall, Baden-Wuerttemberg",False,Arbeitsagentur,https://www.arbeitsagentur.de/jobsuche/jobdetail/10001-1002408507-S,E‑Commerce & marketing role with a Shopware focus involves technical shop work but not SAP Commerce development.
2026-10-10,60,"E-Commerce Manager (m/w/d) – Shopware 6.5, Online-Shop & Social Media",AEET renewable energy GmbH,"Bad Gandersheim, Niedersachsen",False,Arbeitsagentur,https://www.arbeitsagentur.de/jobsuche/jobdetail/10001-1003789304-S,Technical Shopware shop role; relevant e‑commerce dev but on a different platform.
2026-10-10,60,Senior Odoo Engineer ERP & E-Commerce (all genders),BONAGO Incentive Marketing Group,"Munich, Bavaria, Germany",False,Linkedin,https://www.linkedin.com/jobs/view/4475203521,"Senior Odoo Engineer involves e‑commerce backend work, relevant but requires Python/Odoo knowledge."
2026-10-10,60,Senior Odoo Engineer ERP & E-Commerce (all genders),ValueNet Group,"Munich, Bavaria, Germany",False,Linkedin,https://www.linkedin.com/jobs/view/4477689063,"Same as above – senior e‑commerce/ERP engineering, technically adjacent to SAP Commerce."
2026-10-10,60,Polarn O.Pyret söker Digital Commerce & Customer Experience Lead,Polarn O. Pyret,"Stockholm, Stockholm County, Sweden",False,Linkedin,https://www.linkedin.com/jobs/view/4475226759,"Digital Commerce & CX Lead in Sweden, senior but not SAP‑specific and abroad."
2026-10-10,60,Programmierer für Webentwickung/E-Commerce (m/w/d),D- I- S Design Internet Systems ecommerce,"Stuttgart, Baden-Wuerttemberg",False,Arbeitsagentur,https://www.arbeitsagentur.de/jobsuche/jobdetail/10000-1207063400-S,General web‑development/e‑commerce programmer matches the candidate’s Java background better than PHP‑only jobs.
2026-10-10,60,E-Commerce & Operations Manager (m/w/d) – Schwerpunkt China & KI,TILL TOOLS GmbH,"Salz bei Bad Neustadt an der Saale, Bayern",False,Arbeitsagentur,https://www.arbeitsagentur.de/jobsuche/jobdetail/10001-1003811320-S,Hybrid manager‑developer role with full‑stack and AI elements aligns partially with the candidate’s tech skills.
2026-10-10,60,"IT-Spezialist (m/w/d), Schwerpunkt e-Commerce",Hermedia Verlag GmbH,"Riedenburg, Altmühltal, Bayern",True,Arbeitsagentur,https://www.arbeitsagentur.de/jobsuche/jobdetail/10000-1205867177-S,IT specialist with e‑commerce focus matches the candidate’s technical background and Java experience.
2026-10-10,60,E-Commerce Web Engineer (m/w/d),Heizungsdiscount 24 GmbH,"Gießen, Lahn, Hessen",False,Arbeitsagentur,https://www.arbeitsagentur.de/jobsuche/jobdetail/18088-k60163.1131-S,Web engineer for an e‑commerce shop – technical but not SAP‑specific; German required.
2026-10-10,60,Technischer Projektmanager E-Commerce (m/w/d),intedia GmbH,"Bielefeld, Nordrhein-Westfalen",False,Arbeitsagentur,https://www.arbeitsagentur.de/jobsuche/jobdetail/20020-16344480-S,Technical project manager in e‑commerce – some relevance but no SAP‑specific work; German required.
2026-10-10,60,Senior E-Commerce Entwickler (m/w/d),Pro-Discount Import Export e.K.,"Hildesheim, Niedersachsen",False,Arbeitsagentur,https://www.arbeitsagentur.de/jobsuche/jobdetail/10000-1207989058-S,"Senior full‑stack e‑commerce developer, technical but not SAP‑Commerce specific; German required."
2026-10-10,60,eCommerce Web Engineer (m/w/d) – Shoptechnik & Digital Media,Heizungsdiscount 24 GmbH,"Gießen, Lahn, Hessen",False,Arbeitsagentur,https://www.arbeitsagentur.de/jobsuche/jobdetail/18088-k60163.1086-S,"Web engineer for shop technology, technical fit but outside SAP Commerce; German required."
2026-10-10,60,Shopware-Entwickler (m/w/d),eBakery,"Frankfurt am Main, HE, Germany",False,Indeed,https://de.indeed.com/viewjob?jk=b47ad6aee23f3658,"Shopware developer role is a technical e‑commerce position, but on a PHP platform rather than SAP Commerce."
2026-10-10,60,"IT Consultant dm-App, Onlineshop und Gesundheitsdienstleistungen (w/m/d)",dmTECH GmbH,Greater Karlsruhe Area,False,Linkedin,https://www.linkedin.com/jobs/view/4477626496,IT consultant for an online shop fits her Java/e‑commerce skill set.
2026-10-10,60,Senior Frontend Engineer - E-Commerce / Shopify (m/w/d),Workwise GmbH,"Frankfurt am Main, Hessen",False,Arbeitsagentur,https://www.arbeitsagentur.de/jobsuche/jobdetail/12288-4957140479-S,"Senior frontend Shopify role – front‑end focus, limited Java relevance"
2026-10-10,60,Magento Entwickler (m/w/d),apvento GmbH,"Gronau (Westfalen), Nordrhein-Westfalen",False,Arbeitsagentur,https://www.arbeitsagentur.de/jobsuche/jobdetail/10001-1003071291-S,"Magento developer role – PHP based, but still e‑commerce technical"
2026-10-10,60,PHP-Developer für Magento / Full Stack (m/w/d),TMS PRO SHOP GmbH,"Braunschweig, Niedersachsen",False,Arbeitsagentur,https://www.arbeitsagentur.de/jobsuche/jobdetail/10001-1003783182-S,"PHP‑Magento full‑stack role, technical but not Java‑focused"
2026-10-10,60,Projektmanager/in (m/w/d) E-Commerce,POLSTER AKTUELL HESSEN GmbH & Co. KG,"Hanau, Hessen",False,Arbeitsagentur,https://www.arbeitsagentur.de/jobsuche/jobdetail/10000-1198016735-S,E‑commerce project manager is relevant but more generic
2026-10-10,60,Projektmanager m/w/d E-Commerce,FLYERALARM GmbH,"Würzburg, Bayern",False,Arbeitsagentur,https://www.arbeitsagentur.de/jobsuche/jobdetail/10001-1003790133-S,E‑commerce project manager role is a generic fit
2026-10-10,60,Projektmanager E-Commerce (m/w/d),Walbusch Gruppe,"Solingen, Nordrhein-Westfalen",False,Arbeitsagentur,https://www.arbeitsagentur.de/jobsuche/jobdetail/12336-a26f557j0447435-S,Project manager for e‑commerce aligns moderately with her experience
2026-10-10,60,Produktmanager Digitalisierung und E-Commerce (m/w/d)!,Ludger Auferoth GmbH & Co. KG,"Lünen, Nordrhein-Westfalen",False,Arbeitsagentur,https://www.arbeitsagentur.de/jobsuche/jobdetail/10000-1207062814-S,"Product manager for digital e‑commerce, aligns with functional/analyst side."
2026-10-10,60,Mitarbeiter E-Commerce & Produktdaten (m/w/d),Leogra Trading GmbH,"Mitterteich, Bayern",True,Arbeitsagentur,https://www.arbeitsagentur.de/jobsuche/jobdetail/10001-1002855496-S,"Product‑data management role, relevant to PIM but not core development."
2026-10-10,60,Manager Digital Growth & Automation (gn) Vollzeit/Teilzeit (hybrid),DKV Euro Service GmbH + Co.KG,"Ratingen, Nordrhein-Westfalen",False,Arbeitsagentur,https://www.arbeitsagentur.de/jobsuche/jobdetail/10001-1002875626-S,"Digital growth & automation manager may involve technical e‑commerce work, aligning partially with skill set."
2026-10-10,60,SAP CPQ Berater (m/w/d),FERCHAU GmbH Niederlassung Villingen-Schwenn.,"Stühlingen, Baden-Wuerttemberg",False,Arbeitsagentur,https://www.arbeitsagentur.de/jobsuche/jobdetail/10001-1003761170-S,SAP CPQ consulting is SAP‑CX related but not core Commerce; German language needed reduces fit.
2026-10-10,60,PIM-Consultant (m/w/d),Piazza Blu,"Köln, Nordrhein-Westfalen",False,Arbeitsagentur,https://www.arbeitsagentur.de/jobsuche/jobdetail/13644-294809-S,PIM consulting aligns with data‑integration experience; German requirement lowers score.
2026-10-10,58,JTL-Entwickler (m/w/d),eBakery,"Frankfurt am Main, HE, Germany",False,Indeed,https://de.indeed.com/viewjob?jk=939602cd1a492611,"JTL developer (PHP) – e‑commerce backend, moderately relevant, German likely required."
2026-10-10,58,Head of Digital Commerce (m/w/d),Dr. Wolff Group,"Bielefeld, North Rhine-Westphalia, Germany",False,Linkedin,https://www.linkedin.com/jobs/view/4408817806,Head of digital commerce aligns with SAP Commerce experience but may exceed seniority
2026-10-10,55,Abteilungsleitung E-Commerce (m/w/d),Meusburger Georg GmbH & Co KG,"Wolfurt, Vorarlberg, Austria",False,Linkedin,https://www.linkedin.com/jobs/view/4411944955,"E‑commerce department head in Austria; not SAP‑specific and German likely required, -10."
2026-10-10,55,E-Commerce B2B Expert (w/m/d),Henkell & Co. Sektkellerei KG,"Wiesbaden, Hessen",True,Arbeitsagentur,https://www.arbeitsagentur.de/jobsuche/jobdetail/10001-1003498615-S,"B2B e‑commerce expert, more business‑oriented than a SAP Commerce developer."
2026-10-10,55,Mitarbeiter (m/w/d) E-Commerce & ERP-Artikeldatenmanagement,Wolf GmbH Betonwerk & Baustoffe,"Kirchenpingarten, Bayern",False,Arbeitsagentur,https://www.arbeitsagentur.de/jobsuche/jobdetail/10001-1003716689-S,ERP‑article data management role is technical/analytical but not a development position.
2026-10-10,55,E-Commerce Manager (m/w/d),Instaffo,"Neckarsulm, Baden-Württemberg, Germany",False,Linkedin,https://www.linkedin.com/jobs/view/4477133584,"E‑Commerce Manager in Baden‑Württemberg, relevant domain but managerial focus."
2026-10-10,55,"PHP-Entwickler:innen Shopware, OXID, Symfony (all genders)",connectiv! eSolutions,"Lingen (Ems), Niedersachsen",True,Arbeitsagentur,https://www.arbeitsagentur.de/jobsuche/jobdetail/13644-214217-S,"PHP‑Shopware/Symfony development is a different stack, but still an e‑commerce technical role."
2026-10-10,55,Product Manager Order & Fulfillment (m/w/d),marcapo GmbH,"Ebern, BY, Germany",False,Indeed,https://de.indeed.com/viewjob?jk=d6b7811eb3c3ca21,Product manager for order/fulfillment is related but outside her core development focus.
2026-10-10,55,Product Manager Kundenportal E-Commerce (m/w/d),Liebherr Group,"Biberach an der Riß, Baden-Württemberg, Germany",False,Linkedin,https://www.linkedin.com/jobs/view/4431220713,Product manager for a customer portal touches e‑commerce but is not development‑centric.
2026-10-10,55,IT-Application Specialist (m/w/d) – E-Commerce & ITSM,Hans Segmüller Polstermöbelfabrik GmbH & Co. KG,"Friedberg, Bayern, Bayern",False,Arbeitsagentur,https://www.arbeitsagentur.de/jobsuche/jobdetail/19146-100014683968-S,"Application specialist touches e‑commerce and ERP integration, fitting her SAP background, but German is required."
2026-10-10,55,"Junior Magento-Entwickler (m/w/d) - Vollzeit - 8250,94 Euro",PerZukunft Arbeitsvermittlung GmbH & Co. KG,"Berlin, Berlin",False,Arbeitsagentur,https://www.arbeitsagentur.de/jobsuche/jobdetail/12016-10005384869-S,Junior Magento developer – lower seniority and PHP focus
2026-10-10,55,Senior Software-Entwickler Magento E-Commerce  (m/w/d),blizz-z Handwerk Direkt GmbH,"Feuchtwangen, Bayern",False,Arbeitsagentur,https://www.arbeitsagentur.de/jobsuche/jobdetail/10000-1205891953-S,"Senior Magento developer (PHP) – related e‑commerce tech but not SAP, German likely required."
2026-10-10,55,Senior Platform Engineer - SCAYLE Payments (all genders),ABOUT YOU SE & Co. KG,"Berlin, BE, Germany",False,Indeed,https://de.indeed.com/viewjob?jk=bd23dec2471378ae,"Senior platform engineer for payments – Java‑friendly but outside SAP Commerce, German likely required."
2026-10-10,55,E-Commerce Spezialist (m/w/d),EUROPART Holding GmbH,"Hagen, Westfalen, Nordrhein-Westfalen",True,Arbeitsagentur,https://www.arbeitsagentur.de/jobsuche/jobdetail/10001-1003512383-S,"E‑commerce specialist, likely platform‑ops but not SAP Commerce development."
2026-10-10,55,Digital Operations & UX Specialist (m/w/d),e-motion experts GmbH,"Pulheim, Nordrhein-Westfalen",False,Arbeitsagentur,https://www.arbeitsagentur.de/jobsuche/jobdetail/15938-0067700717-S,"Operations & UX focus, some technical relevance but not development."
2026-10-10,55,Customer & Partner Journey Manager eCommerce (w/m/div.),Robert Bosch GmbH,"Schweinfurt, Bayern",False,Arbeitsagentur,https://www.arbeitsagentur.de/jobsuche/jobdetail/15986-REF297263M-5c32198-S,"Journey manager involves e‑commerce analysis, closer to functional consulting."
2026-10-10,55,Senior Klaviyo CRM Manager - Data & AI Automation (m/w/d) - E-Commerce - 100% remote,Lyto Brands Group GmbH,Germany,True,Linkedin,https://www.linkedin.com/jobs/view/4474883972,CRM/automation role uses data skills but is outside core e‑commerce development focus.
2026-10-10,53,Manager eCommerce,frog,"Madrid, Community of Madrid, Spain",False,Linkedin,https://www.linkedin.com/jobs/view/4475774839,e‑Commerce manager is relevant but the position is abroad (‑15).
2026-10-10,52,Shopify-Entwickler (m/w/d),eBakery,"Frankfurt am Main, HE, Germany",False,Indeed,https://de.indeed.com/viewjob?jk=e4835f65f273c9b6,"Shopify developer – front‑end focused, only loosely matches Java‑centric background, German likely required."
2026-10-10,50,E-Commerce Manager / Kaufmann im E-Commerce (m/w/d),SW Studios GmbH,"Hannover, Lower Saxony, Germany",False,Linkedin,https://www.linkedin.com/jobs/view/4475235597,"E‑Commerce Manager is a managerial position, only loosely related to technical background."
2026-10-10,50,Chef de projet e-commerce,Cabinet EKINOX,"Paris, Île-de-France, France",False,Linkedin,https://www.linkedin.com/jobs/view/4471634292,"E‑commerce project manager in France, not a direct technical development role."
2026-10-10,50,Senior Full-Stack Developer (m/w/d) – PHP / Shopware 6 in Tauberbischofsheim,LUKE'S Erste Hilfe Kurs GmbH,"Wertheim am Main, Baden-Wuerttemberg",False,Arbeitsagentur,https://www.arbeitsagentur.de/jobsuche/jobdetail/10001-1003659590-S,"Senior PHP full‑stack Shopware role requires deep PHP expertise, which is outside the candidate’s core Java/SAP skill set."
2026-10-10,50,Senior Advertising & e-Commerce Product Analyst,Software Mind,"Warsaw, Mazowieckie, Poland",False,Linkedin,https://www.linkedin.com/jobs/view/4477666615,Senior product analyst is relevant to e‑commerce but location in Poland and no remote option reduces fit.
2026-10-10,50,Web Developer (m/w/d),SGHW Trade,"Berlin, BE, Germany",False,Indeed,https://de.indeed.com/viewjob?jk=fa9c075d714d08dd,"Shopify web developer with UI duties – some e‑commerce relevance but not core skill set, German likely required."
2026-10-10,50,Full Stack Developer (m/w/d) mit Schwerpunkt TypeScript,Natural Goods Berlin,"Müncheberg, BB, Germany",False,Indeed,https://de.indeed.com/viewjob?jk=31ba52087223bb6d,"Full‑stack TypeScript role, front‑end heavy, only loosely related, German likely required."
2026-10-10,50,Frontend Developer E-Commerce (m/w/d),ifm,"Essen, North Rhine-Westphalia, Germany",False,Linkedin,https://www.linkedin.com/jobs/view/4410175113,"Frontend e‑commerce developer – front‑end focus, limited relevance, German likely required."
2026-10-10,50,Sviluppatore Web PHP – eCommerce,Pianeta Web,"Paderno d’Adda, Lombardy, Italy",False,Linkedin,https://www.linkedin.com/jobs/view/4478024561,"PHP e‑commerce developer in Italy – relevant tech but outside Germany, remote not offered."
2026-10-10,50,Développeur e-commerce senior (H/F/X),Top On Web,"Nivelles, Walloon Region, Belgium",False,Linkedin,https://www.linkedin.com/jobs/view/4475916180,"Senior e‑commerce developer in Belgium – relevant experience needed, outside Germany, no remote."
2026-10-10,50,Senior Magento Engineer,Smartbox Group,"Dublin, County Dublin, Ireland",False,Linkedin,https://www.linkedin.com/jobs/view/4477427019,"Senior Magento engineer in Ireland – relevant platform but outside Germany, no remote."
2026-10-10,50,E-Commerce Operations Manager (d/m/w/x),Mercedes-Benz Group AG,"Stuttgart, Baden-Wuerttemberg",False,Arbeitsagentur,https://www.arbeitsagentur.de/jobsuche/jobdetail/13151-1637738-1-S,"E‑commerce operations manager, managerial with limited technical work."
2026-10-10,50,PIM & Content Data Specialist,INTERSPORT Group,"Amsterdam, North Holland, Netherlands",False,Linkedin,https://www.linkedin.com/jobs/view/4476293083,PIM & content specialist leverages data experience but is abroad and not a core SAP Commerce position.
2026-10-10,45,Sachbearbeiter - SAP (m/w/d),Sanitär-Heinze GmbH & Co. KG,"Ainring, Bayern",False,Arbeitsagentur,https://www.arbeitsagentur.de/jobsuche/jobdetail/14225-577ef63ce69b1ec9-S,"SAP clerk position, functional rather than technical development work."
2026-10-10,45,Teamleiter E-Commerce Fulfillment Operations & Systems (w/m/d),GALERIA S.à r.l. & Co. KG Nordrhein-Westfalen - Verwaltung,"Düsseldorf, Nordrhein-Westfalen",False,Arbeitsagentur,https://www.arbeitsagentur.de/jobsuche/jobdetail/20403-203186138-S,"Leadership of fulfillment operations, largely logistics‑focused."
2026-10-10,45,Service Integration Manager (m/w/d),Würth Group,"Berlin, BE, Germany",False,Indeed,https://de.indeed.com/viewjob?jk=fb6194b7eb12ec00,Service integration manager is a broad IT role with little e‑commerce focus.
2026-10-10,45,Head of ecommerce & Marketplace,Tramas+,Greater Sevilla Metropolitan Area,False,Linkedin,https://www.linkedin.com/jobs/view/4462279001,"Head of e‑commerce is senior management, not a developer role and is abroad (‑15)."
2026-10-10,45,IT-Projektmitarbeiter (m/w/d) für die Bereiche E-Commerce und digitale Transformation,einzA Farben GmbH & Co KG,"Hannover, Niedersachsen",False,Arbeitsagentur,https://www.arbeitsagentur.de/jobsuche/jobdetail/10001-1003628608-S,Generic IT project role in e‑commerce is only loosely related to core expertise.
2026-10-10,45,Senior Partnership Manager E-Commerce (f/m/d),Trusted Shops,"Cologne, North Rhine-Westphalia, Germany",False,Linkedin,https://www.linkedin.com/jobs/view/4467972567,"Partnership manager is a sales/partner role, only loosely related to technical background."
2026-10-10,45,JD Star Graduate E-Commerce Account Manager,JD.COM,"Berlin, Berlin, Germany",False,Linkedin,https://www.linkedin.com/jobs/view/4466848859,Graduate e‑commerce account manager is a business role with limited technical relevance.
2026-10-10,45,Head of E-Commerce (m/w/d),SW Studios GmbH,"Hannover, Lower Saxony, Germany",False,Linkedin,https://www.linkedin.com/jobs/view/4475241285,"Head of E‑Commerce is a senior leadership role, beyond the candidate’s developer focus."
2026-10-10,45,Senior Software Engineer - E-commerce (PHP),Alma,"Paris, Île-de-France, France",False,Linkedin,https://www.linkedin.com/jobs/view/4460333446,"Senior PHP e‑commerce engineer in France, outside Germany and mismatched tech stack."
2026-10-10,45,PHP-udvikler til fremtidens AI-drevne e-commerce-løsninger,Laravel Denmark,"Halsnæs Municipality, Capital Region of Denmark, Denmark",False,Linkedin,https://www.linkedin.com/jobs/view/4475204568,"PHP/Laravel e‑commerce developer in Denmark, unrelated tech and location."
2026-10-10,45,Grafikdesigner / E-Commerce Manager (m/w/d) – Print & Shopware 6,battelo GmbH,"Fürth, Bayern, Bayern",True,Arbeitsagentur,https://www.arbeitsagentur.de/jobsuche/jobdetail/10001-1003727199-S,"Graphic designer/e‑commerce manager mix, more marketing than development."
2026-10-10,45,Produktmanager E-Commerce (m/w/d),JOMA-Tech GmbH,"Willebadessen, Nordrhein-Westfalen",False,Arbeitsagentur,https://www.arbeitsagentur.de/jobsuche/jobdetail/10000-1203692505-S,"Product manager for e‑commerce is a functional/business role, not a direct development fit."
2026-10-10,45,E-Commerce Manager (m/w/d) WooCommerce & Shopify | Hamburg,Ogaenics,"Hamburg, Hamburg, Germany",False,Linkedin,https://www.linkedin.com/jobs/view/4475231591,WooCommerce/Shopify focus is outside her SAP Commerce expertise.
2026-10-10,45,Junior – Functional eCommerce Analyst – NextHub Bari,Deloitte,"Bari, Apulia, Italy",False,Linkedin,https://www.linkedin.com/jobs/view/4477194483,Junior functional analyst is a low‑seniority e‑commerce role and is outside Germany.
2026-10-10,45,AI KI Automation Manager (m/w/d) – E-Commerce & Prozessoptimierung,STILORD GmbH,"Essen, Ruhr, Nordrhein-Westfalen",True,Arbeitsagentur,https://www.arbeitsagentur.de/jobsuche/jobdetail/10001-1003704433-S,"AI/KI automation manager, broader scope and not core Java e‑commerce"
2026-10-10,45,Trade & Shopper Lead (all genders),Opella.,"Frankfurt am Main, HE, Germany",False,Indeed,https://de.indeed.com/viewjob?jk=9d31f12e37648f8a,"Trade & shopper activation is mainly marketing, not technical"
2026-10-10,45,PIM & Digital Content Project Specialist,Dermofarm,"Rubí, Catalonia, Spain",False,Linkedin,https://www.linkedin.com/jobs/view/4477695796,PIM & digital content project role aligns partially with PIM experience but is a non‑technical specialist position abroad.
2026-10-10,45,Lead E-Commerce & Digital Growth (m/w/d),Instaffo,"Frankfurt, Hesse, Germany",False,Linkedin,https://www.linkedin.com/jobs/view/4459146828,"Lead e‑commerce & digital growth is a marketing‑focused senior role, not a development position."
2026-10-10,45,Manager (m/w/d) AI & Digital Commerce,Roto Frank Holding AG,"Leinfelden-Echterdingen, Baden-Wuerttemberg",True,Arbeitsagentur,https://www.arbeitsagentur.de/jobsuche/jobdetail/10001-1003402862-S,AI & digital commerce manager is a senior managerial role with limited relevance to SAP Commerce development.
2026-10-10,45,Mitarbeiter E-Commerce & Produktcontent (m/w/d),Michael Niederberger,"Göppingen, Baden-Wuerttemberg",False,Arbeitsagentur,https://www.arbeitsagentur.de/jobsuche/jobdetail/10001-1003706124-S,"Product‑content handling, limited technical depth."
2026-10-10,45,E-Commerce Marketplace Business Manager,Helene Galwas GmbH,"Hannover, Niedersachsen",False,Arbeitsagentur,https://www.arbeitsagentur.de/jobsuche/jobdetail/10000-1208079432-S,"Marketplace business manager, primarily commercial rather than technical."
2026-10-10,45,Onlinehandel trifft Energiewende – verstärke unser E-Commerce-Team!,Tepto GmbH,"Marienheide, Nordrhein-Westfalen",False,Arbeitsagentur,https://www.arbeitsagentur.de/jobsuche/jobdetail/10001-1003552079-S,"General e‑commerce team member, likely marketing/operations."
2026-10-10,45,Head of Omnichannel Commerce Germany & Greater Europe (m/w/d),Deichmann SE,"Essen, Ruhr, Nordrhein-Westfalen",False,Arbeitsagentur,https://www.arbeitsagentur.de/jobsuche/jobdetail/14774-BB-564602-12683-509-S,"Senior omnichannel commerce leadership, strategic rather than hands‑on technical work."
2026-10-10,45,Vice President / Head of Global E-Commerce (m/f/d),Blanco GmbH + Co KG,"Oberderdingen, Baden-Wuerttemberg",False,Arbeitsagentur,https://www.arbeitsagentur.de/jobsuche/jobdetail/10001-1003734689-S,"Executive global e‑commerce role, focuses on management, not development."
2026-10-10,45,E-Commerce Manager (m/w/d) – Webshop-Management & Shop-Optimierung,spectrum8 GmbH,"Paderborn, Nordrhein-Westfalen",False,Arbeitsagentur,https://www.arbeitsagentur.de/jobsuche/jobdetail/10001-1003553620-S,"Webshop‑Management role is managerial, not a technical SAP Commerce position."
2026-10-10,45,E-Commerce Manager (m/w/d),Elsner Elektronik GmbH,"Ostelsheim, Baden-Wuerttemberg",False,Arbeitsagentur,https://www.arbeitsagentur.de/jobsuche/jobdetail/10000-1207667923-S,"E‑commerce manager for electronics, primarily managerial rather than technical."
2026-10-10,45,E-Commerce Manager (m/w/d),Löwe Bremen GmbH,"Bremen, Bremen",False,Arbeitsagentur,https://www.arbeitsagentur.de/jobsuche/jobdetail/10000-1207104268-S,"E‑commerce manager with marketing focus, not a SAP Commerce developer role."
2026-10-10,40,Teamleitung E-Commerce  (w/m/d),ASK Großhandelsgesellschaft mbH,"Bad Oldesloe, Schleswig-Holstein",False,Arbeitsagentur,https://www.arbeitsagentur.de/jobsuche/jobdetail/20456-2348944-S,"Team‑lead e‑commerce role, managerial and not focused on SAP Commerce development."
2026-10-10,40,IT Support Spezialist (m/w/d),Ströer SE & Co. KGaA,"Berlin, BE, Germany",False,Indeed,https://de.indeed.com/viewjob?jk=35212f29e174ab90,"IT support role is generic IT, not related to e‑commerce development."
2026-10-10,40,Online Merchandiser (w/m/d),Lands' End,"Mettlach, SL, Germany",False,Indeed,https://de.indeed.com/viewjob?jk=4f6ed5deaed8f454,"Online merchandiser is a marketing‑focused role, only loosely related to technical skills."
2026-10-10,40,Kaufmann/-frau E-Commerce (m/w/d),Michael Lohmann,"Timmendorfer Strand, Schleswig-Holstein",False,Arbeitsagentur,https://www.arbeitsagentur.de/jobsuche/jobdetail/10000-1207891065-S,"E‑Commerce online‑marketing manager role is marketing‑oriented, not a development position."
2026-10-10,40,Onlinemarketing- / E-Commerce Mitarbeiter (m/w/d),Leogra Trading GmbH,"Mitterteich, Bayern",True,Arbeitsagentur,https://www.arbeitsagentur.de/jobsuche/jobdetail/10001-1003007347-S,"Remote e‑commerce marketing employee role is marketing‑centric, not a developer role."
2026-10-10,40,E-Commerce Assistant (m/w/d),Adam Hall Group,"Neu-Anspach, Hesse, Germany",False,Linkedin,https://www.linkedin.com/jobs/view/4466688932,"E‑Commerce Assistant is an entry‑level support role, not a fit for senior development expertise."
2026-10-10,40,Web Developer E-commerce (PrestaShop),Adecco,"Vercelli, Piedmont, Italy",False,Linkedin,https://www.linkedin.com/jobs/view/4472916587,"PrestaShop web developer in Italy, non‑Java stack and outside Germany."
2026-10-10,40,"E-Commerce Manager (m/w/d) CRM, Content & SEO",L. Stroetmann Unternehmensgruppe,"Münster, Westfalen, Nordrhein-Westfalen",True,Arbeitsagentur,https://www.arbeitsagentur.de/jobsuche/jobdetail/10001-1003834049-S,"E‑commerce manager (CRM, SEO) is a marketing‑oriented role, not a technical development position."
2026-10-10,40,Junior E-Commerce Manager (m/w/d) in Voll- oder Teilzeit (mind. 20 Stunden),Welzhofer GmbH Heimat für Wildvögel,"Ziemetshausen, Bayern",False,Arbeitsagentur,https://www.arbeitsagentur.de/jobsuche/jobdetail/10000-1204933546-S,"Junior e‑commerce manager role is business‑focused, not a technical SAP Commerce position."
2026-10-10,40,Projektassistenz (m/w/d) Webentwicklung,JANDA+ROSCHER GmbH & Co. KG,"Regensburg, BY, Germany",False,Indeed,https://de.indeed.com/viewjob?jk=d468ea8117aeeb2d,Project assistant in web development is a support role with limited technical depth.
2026-10-10,40,"Specialist E-Commerce Supply Chain, Process & Operations Manager (w/m/d)",Dr. Beckmann Group,Frankfurt Rhine-Main Metropolitan Area,False,Linkedin,https://www.linkedin.com/jobs/view/4476805093,Supply‑chain operations manager is only loosely related to her background.
2026-10-10,40,E-Commerce CVRO Manager (m/w/d)  Standort: Darmstadt | Vollzeit,VanSprint,"Darmstadt, Hesse, Germany",False,Linkedin,https://www.linkedin.com/jobs/view/4477146343,CVRO manager role is more operational than her development background.
2026-10-10,40,E-Commerce Manager (m/f/x) with focus on Amazon,PIP Global Safety,"Lippstadt, North Rhine-Westphalia, Germany",False,Linkedin,https://www.linkedin.com/jobs/view/4477163680,"E‑Commerce manager focused on Amazon is a marketing/operations role, not a technical SAP Commerce position."
2026-10-10,40,E-Commerce Manager (m/f/x) with focus on Amazon,Protective Industrial Products,"Lippstadt, NW, Germany",False,Indeed,https://de.indeed.com/viewjob?jk=9eddfeefd07b74e5,"Another Amazon‑focused e‑commerce manager role, primarily marketing, not a technical fit."
2026-10-10,40,E-Commerce-Manager (w/m/d),medi SE & Co. KG,"Bayreuth, Bavaria, Germany",False,Linkedin,https://www.linkedin.com/jobs/view/4475267147,"E‑Commerce manager position is operational/marketing‑oriented, not a SAP Commerce development role."
2026-10-10,40,E-Commerce Manager (m/w/d),amoena,"Raubling, Bavaria, Germany",False,Linkedin,https://www.linkedin.com/jobs/view/4477154608,"Managerial e‑commerce role, no development focus"
2026-10-10,40,E-Commerce & Marketing Manager (m/w/d) - Schwerpunkt E-Commerce,Wall Universe GmbH,"Ulmen, Rheinland-Pfalz",False,Arbeitsagentur,https://www.arbeitsagentur.de/jobsuche/jobdetail/10001-1003797299-S,"E‑commerce & marketing manager, primarily business/marketing duties"
2026-10-10,40,"Senior Technical Project Manager, E-commerce (Shopify)",Mira,"Berlin, Berlin, Germany",False,Linkedin,https://www.linkedin.com/jobs/view/4477437098,"Senior project manager for Shopify is a managerial e‑commerce role, not a SAP Commerce developer position."
2026-10-10,40,Category Lead Online-Shop (m/w/d),BAUHAUS Deutschland,"Mannheim, Baden-Württemberg, Germany",False,Linkedin,https://www.linkedin.com/jobs/view/4475945663,"Category lead for an online shop is a merchandising/management role, not a development role."
2026-10-10,40,Manager Digital Sales & E-Commerce (m/w/d),J.T. Ronnefeldt KG,"Frankfurt am Main, Hessen",False,Arbeitsagentur,https://www.arbeitsagentur.de/jobsuche/jobdetail/12288-4929429696-S,"Digital sales & e‑commerce manager is a commercial leadership role, not a technical development position."
2026-10-10,40,Junior E-Commerce & Content Manager - Bauelemente & Fachbedarf,Krüger Haustüren & Fenster GmbH,"Waldmünchen, Bayern",False,Arbeitsagentur,https://www.arbeitsagentur.de/jobsuche/jobdetail/10001-1003781558-S,"Junior content and marketing focus, not a developer position."
2026-10-10,40,(Senior) Marketplace Manager (m/w/d),Holz-Richter GmbH,"Lindlar, Nordrhein-Westfalen",True,Arbeitsagentur,https://www.arbeitsagentur.de/jobsuche/jobdetail/10000-1205624029-S,"Marketplace manager focuses on marketing and operations, not development."
2026-10-10,40,Ecommerce Manager,La Redoute Greece,"Khalándrion, Attiki, Greece",False,Linkedin,https://www.linkedin.com/jobs/view/4475208164,E‑commerce manager role is moderately relevant but location outside Germany reduces suitability
2026-10-10,38,E-Commerce Online-Marketing Manager (m/w/d),Dension Dental GmbH & Co. KG,"Offenbach am Main, Hessen",False,Arbeitsagentur,https://www.arbeitsagentur.de/jobsuche/jobdetail/10001-1001393642-S,"Online‑marketing manager position is primarily marketing, not technical e‑commerce development."
2026-10-10,38,E-Commerce & Performance Marketing Manager (m/w/d),Storz & Bickel GmbH,"Tuttlingen, Baden-Wuerttemberg",True,Arbeitsagentur,https://www.arbeitsagentur.de/jobsuche/jobdetail/10001-1003222879-S,"Performance‑marketing manager role, not a technical development position."
2026-10-10,35,E-Commerce Mitarbeiter/in (m/w/d),Rachid Ziani - Pflanzliche Öle,"Heppenheim (Bergstraße), Hessen",False,Arbeitsagentur,https://www.arbeitsagentur.de/jobsuche/jobdetail/10000-1207257546-S,"General e‑commerce employee role, no specific SAP Commerce or dev focus."
2026-10-10,35,Sachbearbeiter (m/w/d) E-Commerce,EDNA International GmbH,"Zusmarshausen, Bayern",False,Arbeitsagentur,https://www.arbeitsagentur.de/jobsuche/jobdetail/10001-1003304368-S,Onlineredakteur/sachbearbeiter role focuses on content editing rather than technical development.
2026-10-10,35,Mitarbeiter E-Commerce & Grafik (m/w/d),Fritz Wolf GmbH,"Kohlberg, Württemberg, Baden-Wuerttemberg",False,Arbeitsagentur,https://www.arbeitsagentur.de/jobsuche/jobdetail/10001-1003556127-S,"E‑Commerce & graphics role emphasizes design and content creation, not software development."
2026-10-10,35,Sachbearbeiter Marketing / E-Commerce (m/w/d),zeitconcept GmbH Personaldienstleistungen,"Wang, Isar, Bayern",False,Arbeitsagentur,https://www.arbeitsagentur.de/jobsuche/jobdetail/13247-44499-17488351064-0-S,"Marketing/sachbearbeiter role is focused on promotional activities, not technical work."
2026-10-10,35,Mitarbeiter im Bereich E-Commerce und Online-Marketing (m/w/d),Kurz Entsorgung GmbH,"Ludwigsburg, Württemberg, Baden-Wuerttemberg",False,Arbeitsagentur,https://www.arbeitsagentur.de/jobsuche/jobdetail/10001-1003607829-S,"E‑Commerce & online‑marketing employee role is marketing‑centric, not a developer role."
2026-10-10,35,Mitarbeiter E-Commerce / Mediengestaltung / Online-Marketing (m/w/d),Spielwelle Vertriebs GmbH,"Romrod, Hessen",False,Arbeitsagentur,https://www.arbeitsagentur.de/jobsuche/jobdetail/10000-1206540251-S,"Mixed e‑commerce, media, and marketing role leans toward marketing rather than development."
2026-10-10,35,Mitarbeiter E-Commerce / Online Marketing B2B (m/w/d),A.W. Heil & Sohn GmbH & Co. KG,"Hannover, Niedersachsen",False,Arbeitsagentur,https://www.arbeitsagentur.de/jobsuche/jobdetail/10001-1002163089-S,Focuses on e‑commerce marketing rather than development.
2026-10-10,35,Junior Data & Media Manager (m/w/d),Ahnert GmbH,"Lohmar, Rheinland, Nordrhein-Westfalen",True,Arbeitsagentur,https://www.arbeitsagentur.de/jobsuche/jobdetail/10001-1003570057-S,Data‑entry / media manager for Shopware is mainly administrative and not a development position.
2026-10-10,35,Kaufmann / Kauffrau im E-Commerce (m/w/d),Weindiele - M.K.Weinhandel UG (haftungsbeschränkt),"Westerstede, Niedersachsen",True,Arbeitsagentur,https://www.arbeitsagentur.de/jobsuche/jobdetail/10001-1003740541-S,E‑commerce shop‑manager position focuses on operations rather than software development.
2026-10-10,35,E‑Commerce Plattformmanager (m/w/d) in einem Handelsunternehmen,DIS AG Office & Management,"Wiesbaden, Hessen",False,Arbeitsagentur,https://www.arbeitsagentur.de/jobsuche/jobdetail/12633-974e1a94_JB5249856-S,Platform manager role is more about coordination than hands‑on SAP Commerce development.
2026-10-10,35,Mitarbeiter (m/w/d) im Online-Shop,Yellow Point Handelsge- sellschaft mbH,"Ludwigsfelde, Brandenburg",False,Arbeitsagentur,https://www.arbeitsagentur.de/jobsuche/jobdetail/10000-1206138215-S,Online‑shop staff position is largely administrative and sales‑oriented.
2026-10-10,35,Mitarbeiter E-Commerce (m/w/d),Weka Holzbau GmbH,"Neubrandenburg, Mecklenburg, Mecklenburg-Vorpommern",True,Arbeitsagentur,https://www.arbeitsagentur.de/jobsuche/jobdetail/10001-1003243765-S,General e‑commerce employee role lacks a development focus.
2026-10-10,35,Artikelpflege für Online-Shop (m/w/d) Teil- / Vollzeit,SEIFFEN.COM by Nestler GmbH,"Kurort Seiffen, Erzgebirge, Sachsen",False,Arbeitsagentur,https://www.arbeitsagentur.de/jobsuche/jobdetail/10000-1200534864-S,"Product‑data entry position, low technical depth and German language needed."
2026-10-10,35,Online Marketing Manager (m/w/d) - Schwerpunkt Webshop-Weiterentwicklung,empasa GmbH,"Ansbach, Mittelfranken, Bayern",True,Arbeitsagentur,https://www.arbeitsagentur.de/jobsuche/jobdetail/10000-1207322742-S,"Marketing manager role with webshop focus, little relevance to SAP Commerce development."
2026-10-10,35,"E-Commerce Marketing Manager (m/w/d) – SEO, SEA, GEO & Content",Trendy Sport GmbH & Co KG,"Roth, Mittelfranken, Bayern",False,Arbeitsagentur,https://www.arbeitsagentur.de/jobsuche/jobdetail/10000-1207828496-S,"SEO/SEA marketing position, not a development or platform‑specific role."
2026-10-10,35,E-Commerce Manager (m/w/d) für die Murmelkiste gesucht,Murmelkiste UG (haftungsbeschränkt),"Fehmarn, Schleswig-Holstein",False,Arbeitsagentur,https://www.arbeitsagentur.de/jobsuche/jobdetail/10001-1001547470-S,"E‑Commerce manager for a small shop, mainly operational duties."
2026-10-10,35,E-Commerce Manager – Shop Management & Produktdatenpflege (m/w/d),REMONDIS Office Systems GmbH,"Nottuln, Nordrhein-Westfalen",True,Arbeitsagentur,https://www.arbeitsagentur.de/jobsuche/jobdetail/14332-00002f2c51c001-S,"Shop‑management and product‑data‑maintenance manager role, low technical fit."
2026-10-10,35,Mitarbeiter (m/w/d) im Bereich E-Commerce,DIS AG,"Tarp, Schleswig-Holstein",False,Arbeitsagentur,https://www.arbeitsagentur.de/jobsuche/jobdetail/12633-1c6be281_JB5149245-S,"E‑commerce employee role is mainly administrative/kaufmännisch, low technical relevance."
2026-10-10,35,E‑Commerce Marketing Manager (m/w/d),NEYC Consulting,"Germering, Oberbayern, Bayern",False,Arbeitsagentur,https://www.arbeitsagentur.de/jobsuche/jobdetail/14895-k36825.22187-S,"E‑commerce marketing manager is a marketing role, not a development or SAP CX position."
2026-10-10,35,E-Commerce Backoffice Specialist (m/w/d),Wella Company,"Darmstadt, Hesse, Germany",False,Linkedin,https://www.linkedin.com/jobs/view/4469150552,"Back‑office specialist is an operational role, not a development or SAP CX position."
2026-10-10,35,Category Manager E-Commerce (m/w/d),Bijou Brigitte,"Hamburg, Hamburg, Germany",False,Linkedin,https://www.linkedin.com/jobs/view/4472597493,"Category manager is a merchandising role, not technical."
2026-10-10,35,Specialist eCommerce,Bertus Distributie,"Capelle aan den IJssel, South Holland, Netherlands",False,Linkedin,https://www.linkedin.com/jobs/view/4477141175,"Specialist e‑commerce in the Netherlands is a generic role and not remote, lowering relevance."
2026-10-10,35,"Inhouse Consultant – Marketing, E-Commerce, Werbung (m/w/d)",BRUNO BADER GmbH + Co. KG,"Pforzheim, Baden-Wuerttemberg",False,Arbeitsagentur,https://www.arbeitsagentur.de/jobsuche/jobdetail/18896-8629358-S,"In‑house marketing/advertising consultant is more creative than technical, with German language needed."
2026-10-10,35,IT-Sercurity-Experte E-Commerce (m/w/d),Street Buzz Distribution GmbH,"Kleinblittersdorf, Saarland",True,Arbeitsagentur,https://www.arbeitsagentur.de/jobsuche/jobdetail/10001-1003403196-S,"IT‑security focus is outside her e‑commerce development core, plus German fluency expected."
2026-10-10,35,Consultant Marketing bei meinALDI (m/w/d),ALDI SÜD,"Mülheim an der Ruhr, NW, Germany",False,Indeed,https://de.indeed.com/viewjob?jk=13b6751051113def,Marketing consultant for meinALDI is a non‑technical role with German language expectations.
2026-10-10,35,Senior Analytics Engineer - Brand Analytics (all genders),ABOUT YOU SE & Co. KG,"Hamburg, HH, Germany",False,Indeed,https://de.indeed.com/viewjob?jk=ca2fe6d26c96e120,"Analytics engineer – data‑focused, not a development role, German likely required."
2026-10-10,35,Marketing Co-ordinator,CTEK Sweden AB,"Hannover, NI, Germany",True,Indeed,https://de.indeed.com/viewjob?jk=2d1fed024f810f87,Marketing coordinator is far from her technical e‑commerce expertise
2026-10-10,35,Junior Project Coordinator Digital & E-Commerce (m/w/d),matchING Engineering GmbH,"Frankfurt am Main, Hessen",True,Arbeitsagentur,https://www.arbeitsagentur.de/jobsuche/jobdetail/10001-1003816294-S,"Junior project coordinator is an entry‑level support role, not aligned with senior development expertise."
2026-10-10,35,E-Commerce & Content Manager (m/w/d),Procapo Vertriebs GmbH & Co. KG,"Überherrn, Saarland",False,Arbeitsagentur,https://www.arbeitsagentur.de/jobsuche/jobdetail/10000-1208221691-S,E‑commerce & content manager focuses on content and marketing rather than technical development.
2026-10-10,35,Kaufmann / Kauffrau für E-Commerce (m/w/d),Special-Trends GmbH & Co KG Internethandel,"Lübbecke, Westfalen, Nordrhein-Westfalen",False,Arbeitsagentur,https://www.arbeitsagentur.de/jobsuche/jobdetail/10000-1207694041-S,"Administrative e‑commerce clerk role, no technical development required."
2026-10-10,35,MITARBEITER E-COMMERCE &  DIGITALE BÜROORGANISATION (M/W/D) gesucht,Hydrauliktechnik24 GmbH,"Horgenzell, Baden-Wuerttemberg",False,Arbeitsagentur,https://www.arbeitsagentur.de/jobsuche/jobdetail/10001-1003622197-S,"Mainly a commercial/administrative e‑commerce role, not a technical development position."
2026-10-10,35,"E-Commerce Marketplace Manager (m/w/d) in Vollzeit (Shopify, Amazon, Etsy, Otto)",Thomas Marin Marban,"Neukirchen-Vluyn, Nordrhein-Westfalen",False,Arbeitsagentur,https://www.arbeitsagentur.de/jobsuche/jobdetail/10001-1003398136-S,"Marketplace manager role, primarily operational, not software development."
2026-10-10,32,(Junior) E-Commerce Manager (m/w/d),Diesel Technic SE,"Kirchdorf bei Sulingen, Niedersachsen",False,Arbeitsagentur,https://www.arbeitsagentur.de/jobsuche/jobdetail/10000-1207712477-S,Junior e‑commerce manager with a marketing/management focus.
2026-10-10,30,Financial Controller - E-Commerce / SAP / SQL (m/w/d),Workwise GmbH,"Ober-Ramstadt, Hessen",False,Arbeitsagentur,https://www.arbeitsagentur.de/jobsuche/jobdetail/12288-4954094720-S,"Financial controller role, unrelated to development; German required, -10."
2026-10-10,30,Sachbearbeiter (m/w/d) Auswertung und E-Commerce-Controlling,Anja Heyduck Heyduck Personalservice,"Siegburg, Nordrhein-Westfalen",False,Arbeitsagentur,https://www.arbeitsagentur.de/jobsuche/jobdetail/10001-1003569477-S,"Controlling & reporting role, finance‑focused, not technical development."
2026-10-10,30,Creative Marketing & Data Specialist (M/W/D) in Vollzeit,xonox.home GmbH,"Lemgo, Nordrhein-Westfalen",False,Arbeitsagentur,https://www.arbeitsagentur.de/jobsuche/jobdetail/10001-1003829589-S,"Marketing & data specialist, not related to SAP Commerce coding."
2026-10-10,30,(Junior) CRM Manager (m/w/d),all4golf,"Hannover, NI, Germany",False,Indeed,https://de.indeed.com/viewjob?jk=14913294b20d9478,"Junior CRM manager, marketing‑focused rather than technical development."
2026-10-10,30,Mitarbeiter*in (m/w/d) E-Commerce/digitale Mediengestaltung,Kornkraft Naturkost GmbH,"Großenkneten, Niedersachsen",False,Arbeitsagentur,https://www.arbeitsagentur.de/jobsuche/jobdetail/10001-1003504465-S,Media‑design position is unrelated to e‑commerce development.
2026-10-10,30,Mediendesigner (m/w/d) – Mode & E-Commerce,Modehaus.de GmbH,"Hameln, Niedersachsen",True,Arbeitsagentur,https://www.arbeitsagentur.de/jobsuche/jobdetail/10000-1206116021-S,"Mediendesigner role is design‑focused, not relevant to e‑commerce development."
2026-10-10,30,Grafiker / Mediengestalter im E-Commerce (m/w/d),Heizungsdiscount 24 GmbH,"Gießen, Lahn, Hessen",False,Arbeitsagentur,https://www.arbeitsagentur.de/jobsuche/jobdetail/18088-k60163.1140-S,"Grafiker/Mediengestalter position is design‑oriented, not a technical e‑commerce role."
2026-10-10,30,SENIOR DIGITAL EXPERIENCE DESIGNER (M/W/D),MjAMjAM Petfood GmbH,"Massing, BY, Germany",False,Indeed,https://de.indeed.com/viewjob?jk=d6ef117885485941,"Senior digital experience designer – design‑centric, limited development scope."
2026-10-10,30,Senior eCommerce Acceleration Manager - Hybrid,Luzern eCommerce,"Dublin, County Dublin, Ireland",False,Linkedin,https://www.linkedin.com/jobs/view/4477141974,"Senior e‑commerce acceleration manager in Ireland, non‑technical and outside Germany."
2026-10-10,30,Kaufmann/Kauffrau im E-Commerce (m/w/d),Ewers Strümpfe GmbH,"Medebach, Nordrhein-Westfalen",False,Arbeitsagentur,https://www.arbeitsagentur.de/jobsuche/jobdetail/10000-1208077894-S,"Purely commercial/e‑commerce sales role, no technical development required."
2026-10-10,30,Mitarbeiter E-Commerce (m/w/d),DS EMOVA GmbH,"Bergisch Gladbach, Nordrhein-Westfalen",False,Arbeitsagentur,https://www.arbeitsagentur.de/jobsuche/jobdetail/10001-1003673983-S,"E‑Commerce employee role focused on operations, not technical development and requires German."
2026-10-10,30,Customer Success Manager/in (m/w/d) – Fulfillment & E-Commerce,eLogix GmbH,"Georgsmarienhütte, Niedersachsen",False,Arbeitsagentur,https://www.arbeitsagentur.de/jobsuche/jobdetail/10001-1003513275-S,"Customer‑success role centred on fulfillment, not technical development."
2026-10-10,30,E-Commerce-Kaufmann (m/w/d),Roth GmbH,"Großbeeren, Brandenburg",False,Arbeitsagentur,https://www.arbeitsagentur.de/jobsuche/jobdetail/10000-1206054104-S,"General e‑commerce merchant position, not a development role."
2026-10-10,30,Performance Marketing & Digital Strategy Manager (m/w/d),Pro-Discount Import Export e.K.,"Hildesheim, Niedersachsen",False,Arbeitsagentur,https://www.arbeitsagentur.de/jobsuche/jobdetail/10000-1207991160-S,"Performance‑marketing manager, focuses on strategy rather than platform development."
2026-10-10,30,Online Marketing Manager (m/w/d) E-Commerce,Klier Hair Group GmbH,"Wolfsburg, Niedersachsen",False,Arbeitsagentur,https://www.arbeitsagentur.de/jobsuche/jobdetail/16844-0065061998-S,"Online‑marketing manager, primarily marketing duties."
2026-10-10,30,"Online-Marketing-Manager | E-Commerce, SEO & GEO (m/w/d)",D- I- S Design Internet Systems ecommerce,"Stuttgart, Baden-Wuerttemberg",True,Arbeitsagentur,https://www.arbeitsagentur.de/jobsuche/jobdetail/10001-1003597741-S,"Online‑marketing/SEO position, unrelated to development or SAP Commerce."
2026-10-10,30,Mitarbeiter E-Commerce Fotohandel (m/w/d),Foto Hamer GmbH & Co. KG,"Bochum, Nordrhein-Westfalen",False,Arbeitsagentur,https://www.arbeitsagentur.de/jobsuche/jobdetail/10001-1003385856-S,"E‑commerce fotohandel staff role focuses on order handling and operations, not development."
2026-10-10,30,Erfahrener Sachbearbeiter Auftragsabwicklung (m/w/d) – mit Berufserfahrung | Remote,Luftbude GmbH,"Home Office, Germany",True,Indeed,https://de.indeed.com/viewjob?jk=23b6a3e34fbd2210,"Order‑processing specialist, purely operational, no technical development required."
2026-10-10,30,Partnerships Sales Engineer,Talon.One,"Berlin, BE, Germany",False,Indeed,https://de.indeed.com/viewjob?jk=ea94040e36e62b22,"Sales‑engineer position emphasizes pre‑sales, not a fit for her developer profile."
2026-10-10,30,Partnerships Sales Engineer,Talon.One LinkedIn Jobs,"Berlin, BE, Germany",False,Indeed,https://de.indeed.com/viewjob?jk=b80d0cc0d2e52d7a,Same as above – primarily a sales‑technical role.
2026-10-10,30,Kaufmann E-Commerce  (mIwId) in HH City gesucht,Jobdistrict GmbH,"Hamburg, Hamburg",False,Arbeitsagentur,https://www.arbeitsagentur.de/jobsuche/jobdetail/10000-1188049678-S,"E‑marketing/affiliate role, not a development position and requires strong German."
2026-10-10,30,UX/UI Designer & Frontend Developer (m/w/d),schauinsland-reisen gmbh,"Duisburg, NW, Germany",False,Indeed,https://de.indeed.com/viewjob?jk=8aae2fe8f0b45ccd,"UX/UI designer role, far from backend Java/SAP Commerce expertise, German likely required."
2026-10-10,30,Mitarbeiter E-Commerce & Kundenservice (m/w/d),Gartenwelt Emsbüren GmbH,"Emsbüren, Niedersachsen",False,Arbeitsagentur,https://www.arbeitsagentur.de/jobsuche/jobdetail/10000-1207952403-S,"Customer‑service oriented e‑commerce role, unrelated to development."
2026-10-10,30,Performance Marketing Manager E-Commerce (m/w/d),monari GmbH,"Gronau (Westfalen), Nordrhein-Westfalen",True,Arbeitsagentur,https://www.arbeitsagentur.de/jobsuche/jobdetail/10001-1003355971-S,"Focuses on performance marketing, no relevance to SAP Commerce development."
2026-10-10,30,Kaufmännischer Mitarbeiter (m/w/d) im Bereich E-Commerce und Online-Marketing,JUNG since 1828 GmbH & Co. KG,"Vaihingen an der Enz, Baden-Wuerttemberg",True,Arbeitsagentur,https://www.arbeitsagentur.de/jobsuche/jobdetail/10001-1003801313-S,"Kaufmännischer (commercial) role with e‑commerce focus, lacking technical responsibilities."
2026-10-10,30,E-Commerce & Online-Shop Manager (m/w/d),Dommer Stuttgarter Fahnenfabrik GmbH,"Stuttgart, Baden-Wuerttemberg",False,Arbeitsagentur,https://www.arbeitsagentur.de/jobsuche/jobdetail/16247-k57923.1252-S,"Shop manager/sales position, not a software development role."
2026-10-10,30,Online Marketing Specialist (w/m/d) - E-Commerce,TRIXIE Heimtierbedarf GmbH & Co. KG,"Tarp, Schleswig-Holstein",True,Arbeitsagentur,https://www.arbeitsagentur.de/jobsuche/jobdetail/15884-2026za6tnhso-000-S,"Online marketing specialist, unrelated to SAP Commerce or backend development."
2026-10-10,30,Mediengestalterin / E-Commerce Managerin (m/w/d),Trainingsunterlagen24 GmbH - Zielitz,"Zielitz, Sachsen-Anhalt",False,Arbeitsagentur,https://www.arbeitsagentur.de/jobsuche/jobdetail/10001-1003588137-S,"Media design and e‑commerce management, not a developer position."
2026-10-10,30,Betreuer (m/w/d) Online Shop und Online Marketing in Teil- oder Vollzeit,SEIFFEN.COM by Nestler GmbH,"Kurort Seiffen, Erzgebirge, Sachsen",False,Arbeitsagentur,https://www.arbeitsagentur.de/jobsuche/jobdetail/10000-1200534900-S,"Shop and online‑marketing caretaker, not a development role."
2026-10-10,30,"Marketing Team, Mediengestaltung und Social Media Marketing (m/w/d) Teilzeit",Eitzenhöfer GmbH & Co. KG,"Frankenberg (Eder), Hessen",False,Arbeitsagentur,https://www.arbeitsagentur.de/jobsuche/jobdetail/10001-1003191089-S,"Marketing and media design focus, no technical development duties."
2026-10-10,30,Mitarbeiter Customer Support (m/w/d) in Vollzeit,HJH Office GmbH,"Weilheim in Oberbayern, Bayern",False,Arbeitsagentur,https://www.arbeitsagentur.de/jobsuche/jobdetail/10001-1003743612-S,"Customer support position, not related to software engineering."
2026-10-10,30,Kundenberater m/w/d digitale Werbung in Teilzeit,FLYERALARM GmbH,"Würzburg, Bayern",False,Arbeitsagentur,https://www.arbeitsagentur.de/jobsuche/jobdetail/10001-1003407690-S,"Digital advertising advisory role, not a technical e‑commerce position."
2026-10-10,30,E-commerce & Performance Manager,Vilgain,"Prague, Prague, Czech Republic",False,Linkedin,https://www.linkedin.com/jobs/view/4469153467,"Performance manager role is managerial, not a technical fit, and is abroad."
2026-10-10,25,Mitarbeiter Kundenbetreuung E-Commerce (m/w/d),adesta GmbH & Co. KG,"Bensheim, Hessen",False,Arbeitsagentur,https://www.arbeitsagentur.de/jobsuche/jobdetail/18384-NITMJFKGU2KNCQPZ-S,"Customer‑service position, no development responsibilities."
2026-10-10,25,Mitarbeiter Customer & Consumer Service / E-Commerce Support (m/w/d),Allison GmbH,"Frankenthal (Pfalz), Rheinland-Pfalz",False,Arbeitsagentur,https://www.arbeitsagentur.de/jobsuche/jobdetail/10001-1003459474-S,"Support role for customers, not a development position."
2026-10-10,25,E-commerce & Amazon Assistant,Lectus Recruitment,"Barcelona, Catalonia, Spain",False,Linkedin,https://www.linkedin.com/jobs/view/4475776624,Assistant role in a foreign market is not relevant and penalised for non‑German location.
2026-10-10,25,Webdesigner für E-Commerce (w/m/d) Vollzeit | Aachen,motoin GmbH,"Aachen, NW, Germany",False,Indeed,https://de.indeed.com/viewjob?jk=5d033c29c8043a82,"Web‑designer for e‑commerce, primarily UI/UX rather than backend coding."
2026-10-10,25,Διευθυντής E-Commerce,wherewework Jobs,"Athens, Attiki, Greece",False,Linkedin,https://www.linkedin.com/jobs/view/4475926195,"Director‑level e‑commerce role in Greece, unrelated to SAP Commerce development."
2026-10-10,25,Consultor de E-Commerce (M/F),Sporting Clube de Portugal,"Lisbon, Portugal",False,Linkedin,https://www.linkedin.com/jobs/view/4475200976,"Consultant role in Portugal, not a Java‑based technical position"
2026-10-10,25,Chef.fe de projet e-commerce H/F,Synolia,"Paris, Île-de-France, France",False,Linkedin,https://www.linkedin.com/jobs/view/4476843542,French e‑commerce project lead in Paris is outside Germany and unrelated to SAP Commerce development.
2026-10-10,25,E-Commerce Merchandise Manager,EssilorLuxottica,"Milan, Lombardy, Italy",False,Linkedin,https://www.linkedin.com/jobs/view/4475946863,E‑commerce merchandise manager in Italy is a non‑technical merchandising position and outside Germany.
2026-10-10,25,Digital-Sales-Manager für Gesundheitsmanagement (m/w/d) – B2B / SaaS,GEQUMA | Maria Röming,"Heidelberg, Neckar, Baden-Wuerttemberg",True,Arbeitsagentur,https://www.arbeitsagentur.de/jobsuche/jobdetail/10001-1003584335-S,"Sales‑focused B2B SaaS position, outside candidate’s technical scope."
2026-10-10,25,"Customer Acquisition Manager - B2B SaaS & E-Commerce (m/w/d), Hamburg (hybrid)",Eurojob Consulting,"Hamburg, Hamburg",False,Arbeitsagentur,https://www.arbeitsagentur.de/jobsuche/jobdetail/10001-1003370937-S,"Customer acquisition and sales role, not related to e‑commerce development."
2026-10-10,25,Initiativbewerbung,G. Elsinghorst Stahl und Technik GmbH,"Bocholt, Nordrhein-Westfalen",False,Arbeitsagentur,https://www.arbeitsagentur.de/jobsuche/jobdetail/21131-k63385.1024-S,"E‑commerce buying role in a steel company, unrelated to SAP Commerce development."
2026-10-10,22,Head of E-commerce,Top of Minds,"Hattem, Gelderland, Netherlands",False,Linkedin,https://www.linkedin.com/jobs/view/4475799050,"Head of e‑commerce is senior leadership, not aligned with candidate's developer expertise."
2026-10-10,20,Produktionsplaner - SAP (m/w/d),Berger Holding GmbH & Co. KG,"Memmingen, Bayern",True,Arbeitsagentur,https://www.arbeitsagentur.de/jobsuche/jobdetail/14225-3bc1d1488c910fb8-S,"Production planner for SAP, unrelated to e‑commerce development."
2026-10-10,20,Mitarbeiter (m/w/d)  Einkaufssachbearbeitung,EPOS Personaldienstleistungen GmbH-Berlin,"Berlin, Berlin",False,Arbeitsagentur,https://www.arbeitsagentur.de/jobsuche/jobdetail/13405-EVDUMH57NL6OFFH8-S,"Procurement clerk, unrelated to e‑commerce development."
2026-10-10,20,"Category Leader Electronics & Automotive, AI e-Commerce (m/f/n)",InPost,"Warsaw, Mazowieckie, Poland",False,Linkedin,https://www.linkedin.com/jobs/view/4466200902,"Senior category leader role is business‑focused and located outside Germany, not a technical SAP Commerce position."
2026-10-10,20,Job als Aushilfe Onlineshop und Marktplatz Manager/ JTL,Christian Friedrich und Sabrina Friedrich GbR,"Grävenwiesbach, Hessen",False,Arbeitsagentur,https://www.arbeitsagentur.de/jobsuche/jobdetail/10001-1000395387-S,"Assistant shop‑and‑marketplace manager, largely operational."
2026-10-10,20,"Gestor/a de E-commerce y Marketplaces (Granollers, presencial)",StoresDeco,"Granollers, Catalonia, Spain",False,Linkedin,https://www.linkedin.com/jobs/view/4477651531,"E‑commerce manager role in Spain, not a development position and outside Germany."
2026-10-10,20,Kaufmann/ -frau - Mitarbeiter/in für Auftragsbearbeitung und Kundenservice bei Beamer24 - m/w/d,"Vision24 GmbH Multimeldia-, Internet- u. Informationssysteme","Riedstadt, Hessen",False,Arbeitsagentur,https://www.arbeitsagentur.de/jobsuche/jobdetail/10001-1001070819-S,"Order‑processing and customer‑service job, unrelated to development skills."
2026-10-10,20,Senior Digital Commerce Strategist (Dutch or Danish speaking),DEPT®,"Copenhagen, Capital Region of Denmark, Denmark",False,Linkedin,https://www.linkedin.com/jobs/view/4312039272,"Strategist position in Denmark, language mismatch and outside Germany"
2026-10-10,20,Senior eCommerce Content Strategist,Luzern eCommerce,"Dublin, County Dublin, Ireland",False,Linkedin,https://www.linkedin.com/jobs/view/4475231046,"Content strategy role in Ireland, unrelated to Java development"
2026-10-10,20,Produkterfasser Tester Verkäufer für Onlineshop der Henning OHG auch Quereinsteiger Teilzeit (m/w/d),Henning OHG,"Remseck am Neckar, Baden-Wuerttemberg",False,Arbeitsagentur,https://www.arbeitsagentur.de/jobsuche/jobdetail/10001-1003769065-S,"Data entry / product entry job, no technical relevance."
2026-10-10,20,Mitarbeiter Außendienst für Modelleisenbahn Modellauto Shop in Teilzeit (m/w/d),Henning OHG,"Remseck am Neckar, Baden-Wuerttemberg",False,Arbeitsagentur,https://www.arbeitsagentur.de/jobsuche/jobdetail/10001-1003381391-S,"Field sales for hobby shop, unrelated to e‑commerce development."
2026-10-10,20,Customer Service Manager (m/w/d),INJOY Gym & Swim GmbH,"Bremen, Bremen",False,Arbeitsagentur,https://www.arbeitsagentur.de/jobsuche/jobdetail/10001-1000395017-S,"Customer service manager is supervisory, not a development or architecture role."
2026-10-10,20,Sachbearbeiter im Innendienst m/w/d Auftragssachbearbeitung [Kziff. RM9112],L&W CONSOLIDATION GmbH,"Düsseldorf, Nordrhein-Westfalen",True,Arbeitsagentur,https://www.arbeitsagentur.de/jobsuche/jobdetail/10001-1003139153-S,"Order‑processing clerk, administrative e‑commerce work, not development."
2026-10-10,20,Freelance Sales Partner E-Commerce (m/w/d) · Remote,EVOLVE Digital GmbH,"NI, Germany",True,Indeed,https://de.indeed.com/viewjob?jk=6596f750b6ca8746,"Sales‑focused freelance role, not aligned with technical SAP Commerce background"
2026-10-10,20,Mitarbeiter IT-Servicedesk (m/w/d),KIS GmbH & Co.KG,"Schönefeld, BB, Germany",False,Indeed,https://de.indeed.com/viewjob?jk=4c7c184d762a6493,"IT service‑desk position is generic support, not relevant to commerce development"
2026-10-10,20,E-commerce Assistant,YAS,"Aarhus, Central Denmark Region, Denmark",False,Linkedin,https://www.linkedin.com/jobs/view/4477453243,Assistant e‑commerce position with limited technical relevance and location outside Germany.
2026-10-10,20,Head of eCommerce Mode - Paris 11ème - 70k€+,LesPepites,"Paris, Île-de-France, France",False,Linkedin,https://www.linkedin.com/jobs/view/4472977584,Executive e‑commerce role in Paris does not match technical SAP Commerce background.
2026-10-10,20,European & France eCommerce Manager - Amazon & Marketplaces,LIPTON Teas and Infusions,"Paris, Île-de-France, France",False,Linkedin,https://www.linkedin.com/jobs/view/4477400050,"Marketplace manager role is commercial, not a technical e‑commerce position."
2026-10-10,15,Customer Relationship Supporter (m/w/d),INJOY Gym & Swim GmbH,"Bremen, Bremen",False,Arbeitsagentur,https://www.arbeitsagentur.de/jobsuche/jobdetail/10001-1000395032-S,"Customer relationship support is a service role, not a developer position."
2026-10-10,15,Customer Service Agent (m/w/d),INJOY Gym & Swim GmbH,"Bremen, Bremen",False,Arbeitsagentur,https://www.arbeitsagentur.de/jobsuche/jobdetail/10001-1000395025-S,Customer service agent role lacks technical e‑commerce responsibilities.
2026-10-10,15,Mitarbeiter (m/w/d) Teilzeit im Kundenservice bei Henico gesucht – gern auch Quereinsteiger,Henning OHG,"Remseck am Neckar, Baden-Wuerttemberg",True,Arbeitsagentur,https://www.arbeitsagentur.de/jobsuche/jobdetail/10001-1003534938-S,"Part‑time customer service position, no technical fit."
2026-10-10,15,Marketing Director (m/f/d) Automotive Aftermarket EMEA,Astemo,"Espelkamp, NW, Germany",False,Indeed,https://de.indeed.com/viewjob?jk=71e9f1dba095a85d,Senior marketing director position unrelated to e‑commerce development expertise
2026-10-10,15,Senior Digital Product Designer (E-commerce),Hunkemöller,"Hilversum, North Holland, Netherlands",False,Linkedin,https://www.linkedin.com/jobs/view/4477410733,Product design focus is unrelated to candidate's development skill set.
2026-10-10,10,Mitarbeiter (m/w/d) im Verkauf,SubsideSports Deutschland GmbH,"Berlin, Berlin",False,Arbeitsagentur,https://www.arbeitsagentur.de/jobsuche/jobdetail/10000-1207919648-S,Sales position unrelated to e‑commerce technology.
2026-10-10,10,Grafiker (m/w/d) Onlineshop,J. A. Woll-Handels GmbH,"Soltau, Niedersachsen",False,Arbeitsagentur,https://www.arbeitsagentur.de/jobsuche/jobdetail/14627-0059321188-S,"Graphic‑design role, no development responsibilities."
2026-10-10,10,Grafiker / Mediengestalter (m/w/d) Schwerpunkt Online / E-Commerce (100% remote),Gepp's GmbH,"Home Office, Germany",True,Indeed,https://de.indeed.com/viewjob?jk=90a5f7961ae9ba53,"Graphic‑design position, not a technical e‑commerce role."
2026-10-10,10,Junior Graphic Designer (all genders) // Elternzeitvertretung für 1 Jahr,ARMEDANGELS - Social Fashion Company GmbH,"Home Office, Germany",True,Indeed,https://de.indeed.com/viewjob?jk=087802b170f34dd7,"Junior graphic designer, unrelated to development."
2026-10-10,10,Mediengestalterin Digital und Print (m/w/d),Swiss Hest GmbH,"Radolfzell am Bodensee, BW, Germany",False,Indeed,https://de.indeed.com/viewjob?jk=1aa8bd9f9e3fc728,"Media designer role focused on graphics, not software development."
2026-10-10,10,Junior Graphic Designer - AI & Visual Content (all genders),ABOUT YOU SE & Co. KG,"Hamburg, HH, Germany",False,Indeed,https://de.indeed.com/viewjob?jk=223ae20c864f4344,"Junior graphic designer position, unrelated to technical e‑commerce skills."
2026-10-10,10,Graphic Designer | Remote,Gusti Leder,"Hamburg, HH, Germany",True,Indeed,https://de.indeed.com/viewjob?jk=36bf5ab1c4c0e3a8,"Remote graphic designer job, not aligned with SAP Commerce development experience."
2026-10-10,10,Bürokraft (m/w/d) - Vollzeit/Teilzeit,abacus Personaldienstl. GmbH,"Karlstadt, Main, Bayern",False,Arbeitsagentur,https://www.arbeitsagentur.de/jobsuche/jobdetail/10001-1003666190-S,Office‑administration position unrelated to e‑commerce development.
2026-10-10,10,Kundenservice-Mitarbeiter (m/w/d) E-Commerce im Textilbereich,Celodoro  Ömer Aydemir,"Erfurt, Thueringen",False,Arbeitsagentur,https://www.arbeitsagentur.de/jobsuche/jobdetail/10001-1003613319-S,Customer‑service role is unrelated to her development skills and requires strong German.
2026-10-10,10,Grafikdesigner (m/w/d) für Marketing und E-Commerce,Brillen Plaz Beselich GmbH & Co. KG,"Beselich, Hessen",False,Arbeitsagentur,https://www.arbeitsagentur.de/jobsuche/jobdetail/10001-1003483341-S,Graphic designer for marketing/e‑commerce is unrelated to software development.
2026-10-10,10,Datenerfasserin m/w/d - E-Commerce,PerZukunft Arbeitsvermittlung GmbH & Co. KG,"Berlin, Berlin",False,Arbeitsagentur,https://www.arbeitsagentur.de/jobsuche/jobdetail/12016-10005535023-S,Data entry role is unrelated to the candidate’s technical e‑commerce background.
2026-10-10,10,Allrounder (m/w/d) für die Produktion und Büro,Jobbox Personal UG (haftungsbeschränkt),"Limburg an der Lahn, Hessen",False,Arbeitsagentur,https://www.arbeitsagentur.de/jobsuche/jobdetail/10001-1003433662-S,"Production & office all‑rounder, no e‑commerce technical relevance."
2026-10-10,10,"Kaufmännische Mitarbeiterin / Kaufmännischer Mitarbeiter – Buchhaltung, Kundenservice und Verkauf","Matthießen, Stefan","Wilster, Schleswig-Holstein",False,Arbeitsagentur,https://www.arbeitsagentur.de/jobsuche/jobdetail/10001-1003385920-S,"Accounting and general office duties, unrelated to e‑commerce development."
2026-10-10,10,"Büromanagement, Buchhaltung & Beschwerdemanegement (m/w/d)",Webdigital GmbH,"Hamburg, Hamburg",False,Arbeitsagentur,https://www.arbeitsagentur.de/jobsuche/jobdetail/10001-1003515541-S,"Büromanagement and bookkeeping, no relevance to SAP Commerce development."
2026-10-10,10,Marketing Manager E-Commerce (m/w/d),Brandible,"Dresden, Saxony, Germany",False,Linkedin,https://www.linkedin.com/jobs/view/4475608209,E‑commerce marketing manager role has limited technical relevance
2026-10-10,10,E-Commerce Content Manager (m/w/d),BOGNER,"Munich, Bavaria, Germany",False,Linkedin,https://www.linkedin.com/jobs/view/4475223182,Content manager position is more editorial than development‑focused
2026-10-10,10,Growth & Marketing Manager E-Commerce (m/w/d),myDartpfeil,"Berlin, Berlin, Germany",False,Linkedin,https://www.linkedin.com/jobs/view/4474830162,"Growth & marketing manager role is primarily marketing, not development"
2026-10-10,10,Kampagnenmanager:in E-Commerce Marketing,bike-components,"Würselen, North Rhine-Westphalia, Germany",False,Linkedin,https://www.linkedin.com/jobs/view/4475793321,"Campaign manager position is marketing‑centric, not a technical match"
2026-10-10,5,Videograf und Cutter (m/w/d) - Quereinstieg möglich,Adstronauts GmbH,"Hannover, NI, Germany",False,Indeed,https://de.indeed.com/viewjob?jk=8729b7c56fde50f9,"Video editing role, no relevance to e‑commerce development."
2026-10-10,5,Technischer Grafikdesigner (m/w/d) Möbel,Bela Living GmbH,"Berlin, BE, Germany",False,Indeed,https://de.indeed.com/viewjob?jk=d5d372aaddb6c733,"Graphic design role for furniture, no relevance to e‑commerce development."
2026-10-10,5,Wir suchen Mitarbeiter/in für den Bereich Kasse (m/w/d),CASCADE Erlebnisbad mit Saunawelt,"Bitburg, RP, Germany",False,Indeed,https://de.indeed.com/viewjob?jk=347224e20c5acaad,Cash‑desk job is unrelated to IT or e‑commerce development.
2026-10-10,5,Procurement Consultant – IT Procurement (m/f/d),Metro Digital,"Düsseldorf, NW, Germany",False,Indeed,https://de.indeed.com/viewjob?jk=a3f639ae2a712475,Procurement consulting is unrelated to her technical e‑commerce experience and needs German.
2026-10-10,5,Assistant Buyer Footwear - 12 months limited contract (all genders),Zalando,"Berlin, BE, Germany",False,Indeed,https://de.indeed.com/viewjob?jk=e915966d582d8869,"Assistant buyer role focuses on merchandising, not software development"
2026-10-10,5,Key Account Manager (m/w/d) E-Commerce,Vitakraft pet care GmbH & Co. KG,"Bremen, Bremen, Germany",False,Linkedin,https://www.linkedin.com/jobs/view/4475244725,"Key account manager role is sales‑oriented, not a technical fit"
2026-10-10,5,Diseñador/a Gráfico/a & Web – eCommerce,Tramas+,Greater Sevilla Metropolitan Area,False,Linkedin,https://www.linkedin.com/jobs/view/4467377382,Graphic design role unrelated to SAP Commerce development.
2026-10-10,0,Welche Gehaltsspannen kann ich bei eBakery erwarten?,eBakery,"Frankfurt am Main, HE, Germany",False,Indeed,https://de.indeed.com/viewjob?jk=6cf89409daac4304,Not a job posting – only salary information.
2026-10-10,0,Welche Weiterbildungsmöglichkeiten bietet eBakery?,eBakery,"Frankfurt am Main, HE, Germany",False,Indeed,https://de.indeed.com/viewjob?jk=22d1ba56f9eff8c3,Not a job posting – describes training benefits.
2026-10-10,0,Mit welchen Technologien und Systemen arbeitet ihr?,eBakery,"Frankfurt am Main, HE, Germany",False,Indeed,https://de.indeed.com/viewjob?jk=6506124169eba05d,Not a job posting – lists technologies used.
2026-10-10,0,Wo sitzt eBakery und wie viele Mitarbeitende hat die Agentur?,eBakery,"Frankfurt am Main, HE, Germany",False,Indeed,https://de.indeed.com/viewjob?jk=5f95f2e3369d4d21,"Not a job posting, just company information."
2026-10-10,0,"Rechtsanwalt  Digitale Regulierung, E-Commerce und  (m/w/d)",Osborne Clarke GmbH & Co. KG,"Köln, Nordrhein-Westfalen",False,Arbeitsagentur,https://www.arbeitsagentur.de/jobsuche/jobdetail/19912-143849-S,"Legal position, no relevance to e‑commerce tech."
2026-10-10,0,Brand & Communications Manager (m/w/d)- Italy,idealo internet,"Berlin, BE, Germany",False,Indeed,https://de.indeed.com/viewjob?jk=5d659af02f7a40a9,Brand & communications manager role is unrelated to technical skills
2026-10-10,0,Marketing Copywriter (f/m/d),aeyde GmbH,"Berlin, BE, Germany",False,Indeed,https://de.indeed.com/viewjob?jk=20638b613a260afe,Copywriting position does not match candidate’s development background
